CLOS_YM_x	JHNT_MBN	JHNT_CTN	JHCR_DE_x	JHNT_CLOS_DE	FRFT_AFTR_JHNT_REQR_DYCT	JHNT_RQUT_CHNL_SECD	INFO_OTPB_GRAD_CD	MDTN_HOPE_GRD_CD	IDIF_AOFR_YN	EMAIL_RCYN	EMPL_STLE_CD	DSPT_LABR_YN	COMM_WAGE_TYCD	HOPE_WAGE_SM_AMT	AFIV_RDJT_PSBL_YN	HOPE_JSCD1	HOPE_JSCD2	HOPE_JSCD3	HPAR_CD1	HPAR_CD2	HPAR_CD3	CYC1	CARR_MYCT1	CYC2	CARR_MYCT2	CYC3	CARR_MYCT3	ACCR_STCD	ACCR_CD	DRV_PSBL_YN	AGE	SAEIL_CNTC_AGRE_YN	SHRS_IDIF_AOFR_YN	SULC_IDIF_AOFR_YN	IDIF_IQRY_AGRE_YN	DLY_LABR_HOPE_YN	RQAG_HOPE_YN	SHSY_YN	MDTN_HOPE_YN	JHNT_PPOS_CD	SXDS_CD	SMS_RCYN	EMAIL_OTPB_YN	MPNO_OTPB_YN	MAJR_CD1	BFR_WTM6_JHCR_CT	BFR_UEPS_RECP_CT	UEPS_RECP_YN	BFR_EJAP_CT	SFID_WRTN_AFTR_ELPS_DYCT	SFID_IEM_NUM	SFID_LTTR_NUM	BFR_PSIS_ELPS_DYCT	BFR_RLTY_SNSC	BFR_IVTG_SNSC	BFR_ARTY_SNSC	BFR_SCTY_SNSC	BFR_EPTY_SNSC	BFR_CSTP_SNSC	BFR_INTS_CD2	AREA_CD	HPAR_CSCY_SCOR	BFR_OCTR_YN	BFR_OCTR_CT	KECO_CD1	OCTR_HOPE_JSFC_CSCY_SCOR1	OCTR_HOPE_JSFC_CSCY_SCOR2	IPS_IRDS_NMPR	JBHT_NMPR	RCIT_NMPR	JO_DRNG_RATE	AVG_OTIO_MYAV_RMNT_AMT	AVG_HOPE_WAGE_SM_AMT	CRQF_CT	ETL_DT_x	MAKE_DT	ACQ_180_YN	ACQ_DT	MATCH_L_YN	MATCH_M_YN	MATCH_S_YN	LAST_JSCD	EMPN_DE	LAST_FRFT_DE	TMPL_SEQNO	RESUME_TITLE	BASIC_RESUME_YN	RESUME_ITEM_CLCD	DS_RESUME_ITEM_CLCD	SEQNO	RESUME_ITEM_1_CD	DS_RESUME_ITEM_1_CD	RESUME_ITEM_2_CD	DS_RESUME_ITEM_2_CD	RESUME_ITEM_3_CD	DS_RESUME_ITEM_3_CD	RESUME_ITEM_4_CD	DS_RESUME_ITEM_4_CD	RESUME_ITEM_1_NM	RESUME_ITEM_2_NM	RESUME_ITEM_3_NM	RESUME_ITEM_1_VAL	HIST_STDT	HIST_ENDT	HIST_ITEM_GRDCD	DS_HIST_ITEM_GRDCD	ETC_ITEM_CONT	CAREER_MMCNT	RESUME_ITEM_5_NM	COMP_NM_OPEN_YN	JSCD	SLRY_AMT	EMMD_OCCP_CL_YEAR	SFID_NO	BASS_SFID_YN	SFID_IEM_SN	SFID_SJNM	SFID_IEM_SECD	DS_SFID_IEM_SECD	SFID_IEM_SJNM	SELF_INTRO_CONT	CLOS_YM_y	JHCR_DE_y	CRSE_ID	TGCR_TME	TRNG_CRSN	TRNG_BGDE	TRNG_ENDE	TRNG_JSCD	KECO_CD	SORT_SN	ETL_DT_y	CLOS_YM	CRQF_CD	QULF_ITNM	QULF_LCNS_LCFN	ETL_DT
Jul-22	3.02909E+12	7.067E+12	2022-10-06	2022-10-07	9	온라인	1	1	1	1	기간제근로계약	1	상용	99	0	242	509	585	36020	68843	98823	99	70	65	84	77	21	중퇴	4년제 대학	1	15	1	0	0	0	0	0	0	1	직업훈련	남	0	1	0	237	94	93	12	89	191	2	66	301	76	6	30	69	98	97	IS	86480	시도 일치	0	28	6429	중분류 일치	대분류 일치	6	27	59	0.109	39	11	47	2025-02-20 3:50	2021-02-20 13:51	1	2024-01-16 13:33	0	1	0	916	2025-01-29	2020-02-24	1	OOO님의 이력서입니다.	Y	2	훈련	1	0		N						민간훈련기관	ERP 실습									훈련과정					1	Y	0	OOO님의 자기소개서 입니다.	11	성장과정	팀워크와 문제 해결로 성과를 이끌어낸 경험이 있습니다.	저는 항상 팀워크와 문제 해결의 중요성을 강조하며 성장해왔습니다. 어린 시절, 다양한 동아리 활동을 통해 친구들과 협력하여 목표를 달성하는 경험을 쌓았습니다. 특히, 중학교 시절 학교 축제 준비를 하면서 팀원들과의 소통과 역할 분담의 중요성을 깨달았습니다. 이러한 경험은 고등학교와 대학에서도 이어졌고, 프로젝트를 수행할 때마다 책임감을 가지고 임하며 문제를 해결하는 데 집중했습니다. 그 결과, 팀이 목표를 초과 달성하는 성과를 이루었고, 이는 저의 성장에 큰 밑거름이 되었습니다. 이러한 경험을 바탕으로 앞으로도 끊임없이 배우고 성장하며, 팀과 함께 더 나은 결과를 만들어 나가고 싶습니다.	Jul-22	2022-10-06	69437972902564021	3	CNC 선반 가공 실습	20181205	20190520	5332301	2346	1	2025-02-20 3:50	Jul-22	5208322	전산세무 2급	회계/세무	2025-02-20 3:50
Sep-25	9.10176E+12	8.28671E+12	2022-10-18	2021-01-27	68	온라인	0	1	0	1	기간의 정함이 없는 근로계약	0	일용	81	1	201	308	912	73245	69435	13745	94	82	44	75	89	86	재학	4년제 대학	1	48	1	1	0	0	0	0	0	0	직업훈련	남	1	1	0	817	29	20	17	70	279	83	14	71	7	34	73	21	76	56	IS	26975	시군구 일치	0	11	8153	대분류 일치	소분류 일치	39	65	48	0.383	65	35	79	2024-04-19 18:39	2022-09-17 14:31	1	2023-01-21 10:18	1	0	0	808	2025-09-07	2020-03-13	1	OOO님의 이력서입니다.	Y	6	수상경력	1	0		2						공모전 수상	OO학회			20250910				주요활동							1	Y	0	OOO님의 자기소개서 입니다.	9	지원동기	팀워크와 책임감을 바탕으로 혁신을 추구하고 있습니다.	저는 항상 팀워크와 문제 해결을 통해 성장하는 것을 중요하게 생각해왔습니다. 이 과정에서 다양한 경험을 쌓으며 책임감을 기르게 되었고, 이를 통해 더욱 효과적으로 목표를 달성할 수 있었습니다. 지원하게 된 이유는 귀사의 비전과 가치가 저의 신념과 일치하기 때문입니다. 특히, 협업을 통해 혁신적인 해결책을 모색하고, 지속적으로 발전하는 환경에서 제 역량을 발휘하고 싶습니다. 함께 일하며 더 나은 결과를 만들어가는 과정에 기여하고 싶습니다.	Sep-25	2022-10-18	21615638721642989	2	응용SW엔지니어링 실무	20241013	20250206	9163786	5077	1	2024-04-19 18:39	Sep-25	7665556	컴퓨터활용능력 1급	사무자동화	2024-04-19 18:39
Sep-25	3.90523E+12	5.83554E+12	2022-03-24	2025-02-25	47	온라인	0	0	0	1	기간의 정함이 없는 근로계약	0	상용	56	0	561	688	152	13274	53756	17254	4	63	13	64	2	29	중퇴	(2/4년제) 대학	1	77	0	1	1	1	1	0	1	1	취업알선	여	1	0	0	878	69	89	30	64	362	3	6	333	93	76	20	70	81	1	CA	97640	시군구 일치	1	43	3129	소분류 일치	소분류 일치	7	71	6	0.849	62	49	32	2023-01-06 8:20	2024-03-14 7:24	1	2024-03-12 6:44	1	0	0	495	2024-08-03	2021-02-07	1	OOO님의 이력서입니다.	Y	5	해외연수	1	0		9	교환학생					교환학생	문화교류 프로그램 참여	일본		20240316	20240620			기타내용							1	Y	0	OOO님의 자기소개서 입니다.	1	나의가족	가족의 유대감이 저에게 팀워크와 책임감을 심어주었습니다.	저는 가족과의 소중한 유대감을 통해 팀워크와 책임감의 중요성을 배웠습니다. 부모님은 항상 저에게 자신감을 주셨고, 형제자매와 함께 성장하며 서로의 문제를 함께 해결하는 법을 익혔습니다. 이러한 경험은 저의 인생에 큰 영향을 미쳤고, 협력의 가치를 깨닫게 해주었습니다. 가족은 저에게 도전과 어려움을 극복하는 힘을 주었으며, 그 과정에서 저는 더 나은 사람으로 성장할 수 있었습니다. 앞으로도 가족과의 관계를 바탕으로, 다양한 사람들과의 협업에서 긍정적인 영향을 미치며 함께 발전해 나가고 싶습니다.	Sep-25	2022-03-24	01442924710502114	6	[경비지도사] 1차	20210208	20210606	587418	6883	1	2023-01-06 8:20	Sep-25	3091557	전기기사	전기/전자	2023-01-06 8:20
Mar-22	3.9661E+12	7.17158E+12	2025-05-09	2024-01-26	84	고용24	0	0	1	1	기간제근로계약	1	일용	16	0	164	525	531	17379	12003	61918	83	61	66	4	14	41	중퇴	고등학교	1	90	0	1	1	1	0	1	1	1	구직급여	여	0	0	1	498	61	97	63	55	27	6	37	45	11	44	96	83	37	8	CA	31794	시도 일치	0	88	4771	소분류 일치	대분류 일치	11	5	2	0.438	78	44	80	2023-03-14 9:04	2022-01-22 6:09	0	2023-04-07 17:50	1	1	1	857	2024-05-11	2021-03-24	1	OOO님의 이력서입니다.	Y	5	해외연수	1	0		9	교환학생					해외연수	어학습득	미국		20181211	20190326			기타내용							1	Y	0	OOO님의 자기소개서 입니다.	9	지원동기	팀워크와 책임감을 바탕으로 혁신을 추구하고 있습니다.	저는 항상 팀워크와 문제 해결을 통해 성장하는 것을 중요하게 생각해왔습니다. 이 과정에서 다양한 경험을 쌓으며 책임감을 기르게 되었고, 이를 통해 더욱 효과적으로 목표를 달성할 수 있었습니다. 지원하게 된 이유는 귀사의 비전과 가치가 저의 신념과 일치하기 때문입니다. 특히, 협업을 통해 혁신적인 해결책을 모색하고, 지속적으로 발전하는 환경에서 제 역량을 발휘하고 싶습니다. 함께 일하며 더 나은 결과를 만들어가는 과정에 기여하고 싶습니다.	Mar-22	2025-05-09	21615638721642989	4	응용SW엔지니어링 실무	20230506	20230904	2717212	2085	1	2023-03-14 9:04	Mar-22	4253756	정보처리기사	정보처리/소프트웨어	2023-03-14 9:04
Jun-25	7.41829E+12	1.90109E+12	2021-03-01	2022-05-23	87	오프라인	0	0	1	0	기간의 정함이 없는 근로계약	1	상용	37	1	632	364	577	95408	46938	49694	96	32	68	74	21	55	재학	고등학교	0	39	1	0	0	0	0	0	0	1	구직급여	여	0	0	0	271	52	21	94	33	301	56	83	238	28	0	44	88	97	18	CA	65447	시군구 일치	0	26	1038	소분류 일치	소분류 일치	49	24	90	0.693	40	51	41	2022-12-05 20:55	2022-06-23 1:56	0	2024-11-14 18:35	1	1	1	235	2025-08-29	2024-05-13	1	OOO님의 이력서입니다.	Y	8	외국어능력	1	12	프랑스어	5	JLPT								2급	20180709		3	하								1	Y	0	OOO님의 자기소개서 입니다.	9	지원동기	팀워크와 책임감을 바탕으로 혁신을 추구하고 있습니다.	저는 항상 팀워크와 문제 해결을 통해 성장하는 것을 중요하게 생각해왔습니다. 이 과정에서 다양한 경험을 쌓으며 책임감을 기르게 되었고, 이를 통해 더욱 효과적으로 목표를 달성할 수 있었습니다. 지원하게 된 이유는 귀사의 비전과 가치가 저의 신념과 일치하기 때문입니다. 특히, 협업을 통해 혁신적인 해결책을 모색하고, 지속적으로 발전하는 환경에서 제 역량을 발휘하고 싶습니다. 함께 일하며 더 나은 결과를 만들어가는 과정에 기여하고 싶습니다.	Jun-25	2021-03-01	25071490318843140	1	일반경비원 신임교육	20211018	20211114	2876862	1059	1	2022-12-05 20:55	Jun-25	9655488	전산회계 1급	회계/세무	2022-12-05 20:55
Oct-24	7.78084E+12	3.73489E+12	2022-08-22	2022-03-26	78	고용24	1	0	0	0	파견근로계약	1	상용	1	0	569	526	968	94456	93517	28583	9	42	67	22	90	43	중퇴	4년제 대학	0	74	0	0	0	0	1	1	1	0	구직급여	남	1	1	0	335	25	48	3	52	2	87	52	304	85	6	58	69	84	55	CA	48705	시군구 일치	0	32	9148	중분류 일치	대분류 일치	84	41	24	0.681	13	73	38	2024-04-15 19:28	2021-07-05 1:44	0	2021-11-22 5:12	1	1	0	514	2024-03-05	2022-11-03	1	OOO님의 이력서입니다.	Y	10	봉사활동	1	0								노인복지관 봉사	OO재단	인턴		20181219	20191206					주요활동					1	Y	0	OOO님의 자기소개서 입니다.	6	경력 및 업무경험	팀워크와 책임감을 바탕으로 성장하는 전문가입니다	저는 다양한 프로젝트에서 팀원으로서의 역할을 충실히 수행하며, 문제 해결 능력을 키워왔습니다. 이전 직장에서 진행한 제품 개발 프로젝트에서는 팀과의 원활한 소통을 통해 고객의 요구사항을 정확히 반영하여 최종 결과물의 품질을 높였습니다. 이 과정에서 발생한 여러 문제를 팀원들과 협력하여 해결하며, 책임감을 갖고 업무에 임했습니다. 또한, 프로젝트 종료 후 피드백을 통해 개인의 성장뿐만 아니라 팀의 역량도 강화할 수 있었습니다. 이러한 경험들은 앞으로의 업무에서도 팀워크와 책임감을 바탕으로 더욱 발전하는 데 큰 도움이 될 것입니다.	Oct-24	2022-08-22	55497742190313136	6	웹디자인(포토샵·일러스트)	20220119	20220516	6039563	3983	1	2024-04-15 19:28	Oct-24	3034865	지게차운전기능사	물류/운전	2024-04-15 19:28
Sep-23	9.71902E+12	7.22752E+12	2024-06-22	2025-09-10	2	고용24	0	1	0	1	파견근로계약	0	일용	50	1	781	922	501	75900	16109	78826	47	86	35	82	48	95	졸업	고등학교	1	95	1	0	0	1	1	1	0	1	직업훈련	남	1	0	0	514	32	46	47	62	53	49	77	153	5	94	64	63	4	67	IS	94731	시도 일치	1	54	9272	중분류 일치	소분류 일치	31	80	85	0.387	85	29	27	2023-08-22 8:07	2024-01-29 20:13	1	2022-12-04 13:49	1	1	1	648	2020-09-27	2021-03-06	1	OOO님의 이력서입니다.	Y	4	개인경력	1	0		N				N		OO회사	생산관리	주임		20240509	20241112			기타사항	4		N	461471	300	2025	1	Y	0	OOO님의 자기소개서 입니다.	10	입사 후 포부	협력과 소통으로 팀의 시너지를 극대화하겠습니다	입사 후, 저는 팀의 일원으로서 협력과 소통을 통해 시너지를 창출하고 싶습니다. 다양한 문제 해결 경험을 바탕으로, 발생하는 이슈에 대해 적극적으로 접근하며 실질적인 해결책을 제시하겠습니다. 또한, 지속적인 자기 개발을 통해 변화하는 시장에 발맞추고, 회사의 성장에 기여할 수 있는 전문가로 성장하겠습니다. 책임감을 가지고 맡은 바 업무를 수행하며, 동료들과 함께 목표를 달성하는 과정에서 신뢰를 쌓고 긍정적인 조직 문화를 만들어 나가겠습니다.	Sep-23	2024-06-22	01442924710502114	7	[경비지도사] 1차	20230417	20231009	6071308	5130	1	2023-08-22 8:07	Sep-23	5543977	건축기사	건설/건축	2023-08-22 8:07
Oct-24	9.59768E+12	5.26166E+12	2022-09-11	2022-01-25	97	고용24	1	0	0	0	기간제근로계약	0	상용	18	1	944	913	421	38004	13491	39046	23	90	97	46	26	1	재학	고등학교	1	49	0	0	0	0	0	1	0	1	취업알선	여	1	0	0	528	76	82	58	41	257	86	27	70	54	2	82	99	96	40	IS	45433	시도 일치	1	80	7126	대분류 일치	대분류 일치	89	57	75	0.547	70	65	18	2021-03-24 8:43	2020-04-13 5:31	0	2023-02-25 11:42	0	1	1	651	2023-07-24	2022-04-14	1	OOO님의 이력서입니다.	Y	8	외국어능력	1	7	베트남어	3	TestDaF								3급	20170128		2	중								1	Y	0	OOO님의 자기소개서 입니다.	5	훈련자격	협업과 문제 해결을 통해 전문성을 키워왔습니다.	저는 다양한 훈련과정을 통해 전문성을 쌓아온 경험이 있습니다. 특히, 팀 프로젝트에서의 역할을 통해 협업의 중요성을 몸소 느꼈고, 문제 발생 시 적극적으로 해결책을 모색하며 책임감을 가지고 임했습니다. 이러한 과정에서 성장의 기회를 얻었고, 동료들과의 소통을 통해 더 나은 결과를 도출할 수 있었습니다. 앞으로도 훈련자로서 팀원들과 함께 발전하며, 긍정적인 변화를 이끌어내는 데 기여하고자 합니다.	Oct-24	2022-09-11	39679367523271519	3	지게차 운전 기능교육	20221230	20230412	6458040	5901	1	2021-03-24 8:43	Oct-24	5543977	건축기사	건설/건축	2021-03-24 8:43
May-24	9.37967E+12	7.3589E+12	2024-12-08	2020-12-06	82	오프라인	1	0	1	0	파견근로계약	1	상용	59	1	509	660	796	13911	88618	98235	15	99	58	39	65	88	재학	4년제 대학	0	50	1	1	0	0	0	0	1	0	직업훈련	남	0	1	1	749	35	19	34	50	130	96	27	352	69	46	53	41	8	41	IS	79975	시도 일치	1	39	2142	대분류 일치	소분류 일치	52	29	29	0.711	66	66	78	2023-05-29 4:37	2021-08-01 0:23	0	2025-07-15 11:07	0	1	0	357	2024-06-08	2021-02-12	1	OOO님의 이력서입니다.	Y	1	자격면허	1	8012902	직무관련자격증							도로교통공단				20181001				자격증명							1	Y	0	OOO님의 자기소개서 입니다.	3	주요활동	팀워크와 문제 해결 능력을 통해 성장한 경험을 갖추었습니다.	대학 시절, 동아리 활동을 통해 팀워크와 문제 해결 능력을 키웠습니다. 프로젝트를 진행하며 다양한 의견을 조율하고, 각자의 강점을 살려 역할을 분담했습니다. 특히, 한 번은 중요한 발표를 앞두고 예상치 못한 기술적 문제에 직면했으나, 팀원들과의 긴밀한 협력을 통해 신속하게 해결책을 마련했습니다. 이 과정에서 책임감을 느끼며, 결과적으로 발표는 성공적으로 마무리되었습니다. 이러한 경험은 저에게 공동의 목표를 위해 협력하는 것의 중요성과 문제를 해결하는 능력을 배양하는 데 큰 도움이 되었습니다. 또한, 실패와 성공을 통해 지속적으로 성장할 수 있는 기회를 얻었습니다.	May-24	2024-12-08	21615638721642989	9	응용SW엔지니어링 실무	20210228	20210327	9899973	6754	1	2023-05-29 4:37	May-24	7665556	컴퓨터활용능력 1급	사무자동화	2023-05-29 4:37
Aug-25	6.73678E+12	5.02159E+12	2024-06-08	2022-07-31	64	온라인	0	0	1	0	기간의 정함이 없는 근로계약	1	일용	82	0	328	682	267	17283	91350	34076	45	78	32	56	0	61	재학	(2/4년제) 대학	0	37	1	0	0	1	0	1	1	1	직업훈련	여	0	1	0	478	42	71	40	74	243	17	52	329	78	95	25	10	25	58	CA	97005	시도 일치	0	40	1416	소분류 일치	중분류 일치	43	46	60	0.24	24	65	63	2023-11-14 11:05	2024-06-08 14:19	1	2020-12-04 10:52	1	0	1	917	2025-06-16	2022-02-20	1	OOO님의 이력서입니다.	Y	6	수상경력	1	0		3						공모전 수상	OO기관			20160510				주요활동							1	Y	0	OOO님의 자기소개서 입니다.	3	주요활동	팀워크와 문제 해결 능력을 통해 성장한 경험을 갖추었습니다.	대학 시절, 동아리 활동을 통해 팀워크와 문제 해결 능력을 키웠습니다. 프로젝트를 진행하며 다양한 의견을 조율하고, 각자의 강점을 살려 역할을 분담했습니다. 특히, 한 번은 중요한 발표를 앞두고 예상치 못한 기술적 문제에 직면했으나, 팀원들과의 긴밀한 협력을 통해 신속하게 해결책을 마련했습니다. 이 과정에서 책임감을 느끼며, 결과적으로 발표는 성공적으로 마무리되었습니다. 이러한 경험은 저에게 공동의 목표를 위해 협력하는 것의 중요성과 문제를 해결하는 능력을 배양하는 데 큰 도움이 되었습니다. 또한, 실패와 성공을 통해 지속적으로 성장할 수 있는 기회를 얻었습니다.	Aug-25	2024-06-08	00667490271852068	9	건축도장 기능사 취득과정	20190604	20191014	2423112	8920	1	2023-11-14 11:05	Aug-25	5543977	건축기사	건설/건축	2023-11-14 11:05
Mar-22	4.5999E+12	3.82892E+12	2021-05-06	2022-03-15	97	온라인	0	1	1	1	기간의 정함이 없는 근로계약	0	상용	39	0	647	849	162	19738	16997	83126	20	88	6	4	41	7	중퇴	4년제 대학	1	3	1	1	1	0	1	1	0	1	직업훈련	남	0	0	1	504	93	88	49	6	52	44	57	228	43	51	37	3	55	22	CA	64189	시도 일치	0	42	5014	소분류 일치	소분류 일치	71	97	45	0.422	3	49	13	2022-03-21 23:26	2020-04-13 23:16	1	2025-02-07 16:28	1	1	0	848	2022-05-20	2021-03-30	1	OOO님의 이력서입니다.	Y	6	수상경력	1	0		2						성적우수상	OO협회			20240807				주요활동							1	Y	0	OOO님의 자기소개서 입니다.	1	나의가족	가족의 유대감이 저에게 팀워크와 책임감을 심어주었습니다.	저는 가족과의 소중한 유대감을 통해 팀워크와 책임감의 중요성을 배웠습니다. 부모님은 항상 저에게 자신감을 주셨고, 형제자매와 함께 성장하며 서로의 문제를 함께 해결하는 법을 익혔습니다. 이러한 경험은 저의 인생에 큰 영향을 미쳤고, 협력의 가치를 깨닫게 해주었습니다. 가족은 저에게 도전과 어려움을 극복하는 힘을 주었으며, 그 과정에서 저는 더 나은 사람으로 성장할 수 있었습니다. 앞으로도 가족과의 관계를 바탕으로, 다양한 사람들과의 협업에서 긍정적인 영향을 미치며 함께 발전해 나가고 싶습니다.	Mar-22	2021-05-06	01442924710502114	1	[경비지도사] 1차	20191101	20191105	8371905	3749	1	2022-03-21 23:26	Mar-22	3091557	전기기사	전기/전자	2022-03-21 23:26
Jun-20	2.26242E+12	6.90284E+12	2020-08-04	2022-05-23	82	온라인	0	1	1	0	기간의 정함이 없는 근로계약	0	일용	1	1	402	817	227	13974	19589	14592	33	95	91	77	62	46	재학	고등학교	1	68	1	1	0	0	1	0	1	0	직업훈련	여	0	1	0	433	46	37	23	35	69	92	43	228	86	0	34	75	92	42	IS	49738	시도 일치	0	57	4034	중분류 일치	대분류 일치	29	44	51	0.701	35	27	90	2024-12-17 17:43	2022-06-03 0:34	0	2024-01-29 9:28	0	1	1	674	2025-03-09	2021-03-30	1	OOO님의 이력서입니다.	Y	12	참여프로젝트	1	0								데이터 파이프라인 구축	백엔드 개발	고용노동부		20240105	20240228			주요 업무 및 성과							1	Y	0	OOO님의 자기소개서 입니다.	10	입사 후 포부	협력과 소통으로 팀의 시너지를 극대화하겠습니다	입사 후, 저는 팀의 일원으로서 협력과 소통을 통해 시너지를 창출하고 싶습니다. 다양한 문제 해결 경험을 바탕으로, 발생하는 이슈에 대해 적극적으로 접근하며 실질적인 해결책을 제시하겠습니다. 또한, 지속적인 자기 개발을 통해 변화하는 시장에 발맞추고, 회사의 성장에 기여할 수 있는 전문가로 성장하겠습니다. 책임감을 가지고 맡은 바 업무를 수행하며, 동료들과 함께 목표를 달성하는 과정에서 신뢰를 쌓고 긍정적인 조직 문화를 만들어 나가겠습니다.	Jun-20	2020-08-04	25913899826259013	5	기중기 운전(이동식크레인)	20250322	20250324	3172506	2361	1	2024-12-17 17:43	Jun-20	3091557	전기기사	전기/전자	2024-12-17 17:43
Aug-22	4.48112E+12	2.67355E+12	2022-02-20	2025-02-06	75	온라인	1	0	1	0	기간제근로계약	1	상용	98	1	200	269	944	91012	94459	22224	88	30	58	12	7	9	재학	고등학교	1	34	1	1	1	1	1	1	1	0	직업훈련	남	1	1	0	167	81	34	78	43	242	35	100	170	54	90	64	12	0	74	CA	43853	시군구 일치	0	3	1379	대분류 일치	대분류 일치	90	49	35	0.444	75	52	80	2025-02-15 11:57	2023-08-19 19:04	0	2024-12-27 23:27	1	0	1	356	2025-04-20	2022-10-15	1	OOO님의 이력서입니다.	Y	9	학력	1	5	전문대학원	116165	통계학	127900	산업공학	18	재학	OO대학교	심리학	전기전자공학		20241025	20250108			학점 / 총점							1	Y	0	OOO님의 자기소개서 입니다.	2	학창생활	팀워크와 문제 해결 능력을 통해 성장한 경험을 가지고 있습니다.	학창 시절, 다양한 활동을 통해 팀워크와 문제 해결 능력을 키웠습니다. 특히, 학급 대표로서 여러 프로젝트를 진행하며 친구들과 협력해 목표를 달성하는 기쁨을 느꼈습니다. 이러한 경험은 저에게 책임감을 심어주었고, 어려운 상황에서도 해결책을 찾는 데 집중할 수 있는 힘을 주었습니다. 또한, 동아리 활동을 통해 서로 다른 의견을 존중하고 조율하는 방법을 배우며 성장할 수 있었습니다. 이 모든 경험은 저의 인성과 능력을 발전시키는 데 큰 도움이 되었고, 앞으로의 도전에서도 이러한 배움을 바탕으로 성과를 이루고자 합니다.	Aug-22	2022-02-20	24610143870749029	5	빅데이터 분석 입문	20241203	20250103	6678170	2218	1	2025-02-15 11:57	Aug-22	7665556	컴퓨터활용능력 1급	사무자동화	2025-02-15 11:57
Oct-21	3.83655E+12	1.51962E+12	2023-12-20	2022-04-16	24	오프라인	0	1	0	0	파견근로계약	0	일용	45	1	928	490	165	15597	76153	71802	51	53	2	41	13	13	중퇴	(2/4년제) 대학	0	64	1	1	0	1	0	0	1	1	구직급여	여	1	0	0	498	74	3	50	21	118	95	64	154	92	59	70	99	59	69	CA	50456	시군구 일치	1	97	5672	소분류 일치	대분류 일치	15	100	69	0.723	22	85	94	2022-04-24 17:59	2022-05-30 3:08	1	2021-04-23 7:06	0	0	0	421	2025-05-07	2022-10-22	1	OOO님의 이력서입니다.	Y	11	직업훈련	1																								1	Y	0	OOO님의 자기소개서 입니다.	9	지원동기	팀워크와 책임감을 바탕으로 혁신을 추구하고 있습니다.	저는 항상 팀워크와 문제 해결을 통해 성장하는 것을 중요하게 생각해왔습니다. 이 과정에서 다양한 경험을 쌓으며 책임감을 기르게 되었고, 이를 통해 더욱 효과적으로 목표를 달성할 수 있었습니다. 지원하게 된 이유는 귀사의 비전과 가치가 저의 신념과 일치하기 때문입니다. 특히, 협업을 통해 혁신적인 해결책을 모색하고, 지속적으로 발전하는 환경에서 제 역량을 발휘하고 싶습니다. 함께 일하며 더 나은 결과를 만들어가는 과정에 기여하고 싶습니다.	Oct-21	2023-12-20	00667490271852068	6	건축도장 기능사 취득과정	20191201	20200323	9151584	1884	1	2022-04-24 17:59	Oct-21	9655488	전산회계 1급	회계/세무	2022-04-24 17:59
Oct-22	6.50041E+12	3.97093E+12	2021-06-20	2021-06-14	91	고용24	0	0	0	0	파견근로계약	1	상용	2	1	673	826	244	96902	44393	56796	44	41	31	43	37	40	재학	4년제 대학	1	86	0	1	1	0	0	0	0	1	취업알선	남	0	0	0	209	75	42	96	60	33	55	5	192	40	15	18	0	97	62	IS	46047	시군구 일치	1	66	7026	소분류 일치	대분류 일치	4	19	53	0.027	74	35	91	2021-03-20 11:04	2024-10-28 20:49	1	2025-07-31 13:04	1	0	0	428	2023-01-29	2020-01-13	1	OOO님의 이력서입니다.	Y	8	외국어능력	1	12	프랑스어	4	IELTS								3급	20160305		2	중								1	Y	0	OOO님의 자기소개서 입니다.	11	성장과정	팀워크와 문제 해결로 성과를 이끌어낸 경험이 있습니다.	저는 항상 팀워크와 문제 해결의 중요성을 강조하며 성장해왔습니다. 어린 시절, 다양한 동아리 활동을 통해 친구들과 협력하여 목표를 달성하는 경험을 쌓았습니다. 특히, 중학교 시절 학교 축제 준비를 하면서 팀원들과의 소통과 역할 분담의 중요성을 깨달았습니다. 이러한 경험은 고등학교와 대학에서도 이어졌고, 프로젝트를 수행할 때마다 책임감을 가지고 임하며 문제를 해결하는 데 집중했습니다. 그 결과, 팀이 목표를 초과 달성하는 성과를 이루었고, 이는 저의 성장에 큰 밑거름이 되었습니다. 이러한 경험을 바탕으로 앞으로도 끊임없이 배우고 성장하며, 팀과 함께 더 나은 결과를 만들어 나가고 싶습니다.	Oct-22	2021-06-20	77941703229222216	4	파이썬 데이터분석	20210303	20210627	8645524	482	1	2021-03-20 11:04	Oct-22	7665556	컴퓨터활용능력 1급	사무자동화	2021-03-20 11:04
Apr-25	6.02124E+12	9.70772E+12	2022-06-22	2024-09-16	39	온라인	0	1	1	0	기간제근로계약	0	상용	20	1	552	774	954	28770	86018	52501	70	27	35	10	84	78	재학	4년제 대학	1	39	1	1	0	1	1	1	1	0	구직급여	남	0	1	1	486	40	44	52	37	30	66	11	164	70	15	36	59	53	8	CA	22487	시군구 일치	0	24	9130	대분류 일치	대분류 일치	76	8	5	0.806	59	64	23	2021-07-26 9:44	2023-02-20 20:04	1	2021-11-16 4:55	1	1	0	273	2022-10-02	2020-06-10	1	OOO님의 이력서입니다.	Y	11	직업훈련	1																								1	Y	0	OOO님의 자기소개서 입니다.	9	지원동기	팀워크와 책임감을 바탕으로 혁신을 추구하고 있습니다.	저는 항상 팀워크와 문제 해결을 통해 성장하는 것을 중요하게 생각해왔습니다. 이 과정에서 다양한 경험을 쌓으며 책임감을 기르게 되었고, 이를 통해 더욱 효과적으로 목표를 달성할 수 있었습니다. 지원하게 된 이유는 귀사의 비전과 가치가 저의 신념과 일치하기 때문입니다. 특히, 협업을 통해 혁신적인 해결책을 모색하고, 지속적으로 발전하는 환경에서 제 역량을 발휘하고 싶습니다. 함께 일하며 더 나은 결과를 만들어가는 과정에 기여하고 싶습니다.	Apr-25	2022-06-22	08781580723053175	4	전산회계 실무	20220719	20220728	435154	9602	1	2021-07-26 9:44	Apr-25	5543977	건축기사	건설/건축	2021-07-26 9:44
Jul-25	1.98773E+12	6.07739E+12	2022-04-28	2022-03-22	34	온라인	1	1	1	1	기간제근로계약	0	일용	61	1	127	472	874	92164	44688	81107	72	61	10	97	47	79	재학	(2/4년제) 대학	0	0	0	0	1	1	1	1	1	0	취업알선	여	1	1	0	315	91	30	62	85	339	21	49	317	53	20	56	18	53	17	IS	24041	시도 일치	0	30	7869	소분류 일치	중분류 일치	24	19	36	0.985	69	57	70	2020-02-10 6:23	2020-08-31 17:38	1	2022-10-12 15:13	1	0	0	116	2022-05-22	2021-05-17	1	OOO님의 이력서입니다.	Y	5	해외연수	1	0		66	워킹홀리데이					해외인턴	어학습득	영국		20250912	20251231			기타내용							1	Y	0	OOO님의 자기소개서 입니다.	6	경력 및 업무경험	팀워크와 책임감을 바탕으로 성장하는 전문가입니다	저는 다양한 프로젝트에서 팀원으로서의 역할을 충실히 수행하며, 문제 해결 능력을 키워왔습니다. 이전 직장에서 진행한 제품 개발 프로젝트에서는 팀과의 원활한 소통을 통해 고객의 요구사항을 정확히 반영하여 최종 결과물의 품질을 높였습니다. 이 과정에서 발생한 여러 문제를 팀원들과 협력하여 해결하며, 책임감을 갖고 업무에 임했습니다. 또한, 프로젝트 종료 후 피드백을 통해 개인의 성장뿐만 아니라 팀의 역량도 강화할 수 있었습니다. 이러한 경험들은 앞으로의 업무에서도 팀워크와 책임감을 바탕으로 더욱 발전하는 데 큰 도움이 될 것입니다.	Jul-25	2022-04-28	68864823883538902	7	전기기능사 필기·실기	20181125	20190109	5021961	6548	1	2020-02-10 6:23	Jul-25	7665556	컴퓨터활용능력 1급	사무자동화	2020-02-10 6:23
Nov-23	5.32206E+12	9.39109E+12	2021-03-30	2022-06-13	85	온라인	1	0	1	1	기간제근로계약	1	상용	8	0	977	711	362	76961	43580	15265	98	56	58	16	91	89	재학	(2/4년제) 대학	1	32	0	1	0	0	0	1	0	0	직업훈련	여	1	1	0	589	53	26	5	36	11	6	32	226	58	83	7	7	56	20	IS	91102	시도 일치	0	83	7072	대분류 일치	중분류 일치	12	90	50	0.459	31	90	83	2024-04-05 6:41	2022-04-24 1:19	1	2020-07-21 20:42	1	1	1	416	2022-01-14	2025-03-03	1	OOO님의 이력서입니다.	Y	8	외국어능력	1	4	태국어	2	TOEIC								1급	20180130		2	중								1	Y	0	OOO님의 자기소개서 입니다.	11	성장과정	팀워크와 문제 해결로 성과를 이끌어낸 경험이 있습니다.	저는 항상 팀워크와 문제 해결의 중요성을 강조하며 성장해왔습니다. 어린 시절, 다양한 동아리 활동을 통해 친구들과 협력하여 목표를 달성하는 경험을 쌓았습니다. 특히, 중학교 시절 학교 축제 준비를 하면서 팀원들과의 소통과 역할 분담의 중요성을 깨달았습니다. 이러한 경험은 고등학교와 대학에서도 이어졌고, 프로젝트를 수행할 때마다 책임감을 가지고 임하며 문제를 해결하는 데 집중했습니다. 그 결과, 팀이 목표를 초과 달성하는 성과를 이루었고, 이는 저의 성장에 큰 밑거름이 되었습니다. 이러한 경험을 바탕으로 앞으로도 끊임없이 배우고 성장하며, 팀과 함께 더 나은 결과를 만들어 나가고 싶습니다.	Nov-23	2021-03-30	77941703229222216	9	파이썬 데이터분석	20250613	20251128	2024175	4440	1	2024-04-05 6:41	Nov-23	9548594	기계설계산업기사	기계	2024-04-05 6:41
Aug-23	8.54168E+12	3.46894E+12	2021-03-08	2022-11-10	89	온라인	0	0	0	0	파견근로계약	0	상용	19	1	103	770	975	30328	40225	41772	22	7	73	64	22	21	중퇴	고등학교	1	84	0	0	1	1	0	0	1	0	구직급여	남	1	0	1	503	79	24	94	7	74	26	87	229	85	11	15	15	51	49	CA	82576	시군구 일치	0	64	8237	중분류 일치	소분류 일치	85	46	85	0.598	61	52	19	2021-03-08 2:45	2025-03-29 13:21	0	2021-02-09 16:01	0	0	1	837	2020-01-06	2022-12-02	1	OOO님의 이력서입니다.	Y	6	수상경력	1	0		3						모범상	OO기관			20220804				주요활동							1	Y	0	OOO님의 자기소개서 입니다.	11	성장과정	팀워크와 문제 해결로 성과를 이끌어낸 경험이 있습니다.	저는 항상 팀워크와 문제 해결의 중요성을 강조하며 성장해왔습니다. 어린 시절, 다양한 동아리 활동을 통해 친구들과 협력하여 목표를 달성하는 경험을 쌓았습니다. 특히, 중학교 시절 학교 축제 준비를 하면서 팀원들과의 소통과 역할 분담의 중요성을 깨달았습니다. 이러한 경험은 고등학교와 대학에서도 이어졌고, 프로젝트를 수행할 때마다 책임감을 가지고 임하며 문제를 해결하는 데 집중했습니다. 그 결과, 팀이 목표를 초과 달성하는 성과를 이루었고, 이는 저의 성장에 큰 밑거름이 되었습니다. 이러한 경험을 바탕으로 앞으로도 끊임없이 배우고 성장하며, 팀과 함께 더 나은 결과를 만들어 나가고 싶습니다.	Aug-23	2021-03-08	08781580723053175	7	전산회계 실무	20220613	20221003	943393	7003	1	2021-03-08 2:45	Aug-23	4253756	정보처리기사	정보처리/소프트웨어	2021-03-08 2:45
Aug-21	6.92043E+12	5.07708E+12	2023-07-14	2023-11-25	23	오프라인	1	0	0	1	파견근로계약	1	상용	26	1	815	658	998	42197	32723	56034	59	65	7	83	68	21	재학	고등학교	0	73	0	1	1	0	1	1	0	1	취업알선	여	0	0	0	682	26	62	23	82	191	59	81	195	31	77	25	59	5	39	IS	79358	시도 일치	1	72	7050	소분류 일치	대분류 일치	68	73	54	0.617	2	8	53	2023-09-18 20:55	2021-11-07 12:13	0	2021-01-08 16:58	1	0	0	388	2022-06-14	2024-06-22	1	OOO님의 이력서입니다.	Y	7	전산능력	1	9	고급프로그램활용															기타 컴퓨터 활용능력							1	Y	0	OOO님의 자기소개서 입니다.	1	나의가족	가족의 유대감이 저에게 팀워크와 책임감을 심어주었습니다.	저는 가족과의 소중한 유대감을 통해 팀워크와 책임감의 중요성을 배웠습니다. 부모님은 항상 저에게 자신감을 주셨고, 형제자매와 함께 성장하며 서로의 문제를 함께 해결하는 법을 익혔습니다. 이러한 경험은 저의 인생에 큰 영향을 미쳤고, 협력의 가치를 깨닫게 해주었습니다. 가족은 저에게 도전과 어려움을 극복하는 힘을 주었으며, 그 과정에서 저는 더 나은 사람으로 성장할 수 있었습니다. 앞으로도 가족과의 관계를 바탕으로, 다양한 사람들과의 협업에서 긍정적인 영향을 미치며 함께 발전해 나가고 싶습니다.	Aug-21	2023-07-14	25071490318843140	1	일반경비원 신임교육	20250221	20250619	8176883	456	1	2023-09-18 20:55	Aug-21	7665556	컴퓨터활용능력 1급	사무자동화	2023-09-18 20:55
Feb-20	1.54332E+12	2.97352E+12	2023-07-09	2024-02-10	73	온라인	0	0	1	0	파견근로계약	1	일용	23	1	480	677	206	89328	37626	14812	63	47	16	10	78	18	중퇴	고등학교	0	59	0	0	0	0	0	1	1	1	취업알선	남	0	1	1	287	81	100	38	71	185	76	45	240	91	62	24	5	18	65	CA	94651	시도 일치	0	29	2204	대분류 일치	중분류 일치	84	71	10	0.739	30	31	66	2023-10-10 2:35	2020-01-06 15:49	1	2022-03-25 2:23	0	0	1	459	2021-11-28	2025-07-24	1	OOO님의 이력서입니다.	Y	7	전산능력	1	4	영상편집															기타 컴퓨터 활용능력							1	Y	0	OOO님의 자기소개서 입니다.	12	가치관	팀워크와 책임감을 통해 가치를 창출하는 인재입니다	저는 항상 팀워크와 책임감을 바탕으로 가치 있는 성장을 추구해왔습니다. 문제 해결 과정에서 동료들과 협력하며 다양한 의견을 존중하고, 이를 통해 최선의 결과를 도출하는 것을 중요하게 생각합니다. 이러한 과정은 저에게 개인적인 성장뿐만 아니라, 팀 전체의 발전에도 기여할 수 있는 기회를 제공합니다. 매사에 책임을 다하며, 긍정적인 변화와 혁신을 이끌어내는 것이 제 가치관의 핵심입니다. 이를 통해 더 나은 미래를 만들어가는 데 기여하고자 합니다.	Feb-20	2023-07-09	68864823883538902	9	전기기능사 필기·실기	20190924	20191119	9196465	9119	1	2023-10-10 2:35	Feb-20	9119	바리스타 2급	외식/식음료	2023-10-10 2:35
Mar-22	1.76092E+12	7.90156E+12	2022-10-01	2021-01-03	38	오프라인	1	1	0	0	기간제근로계약	0	일용	12	1	107	164	487	12587	52326	44263	5	19	40	42	14	70	재학	4년제 대학	0	78	0	1	0	1	0	1	0	0	직업훈련	여	0	1	0	244	32	16	26	94	160	27	54	338	60	53	89	39	17	33	IS	58371	시군구 일치	0	41	8315	소분류 일치	대분류 일치	0	31	48	0.887	1	61	88	2023-04-02 2:46	2020-05-03 11:17	1	2020-05-14 21:52	1	1	1	651	2021-11-10	2024-12-01	1	OOO님의 이력서입니다.	Y	6	수상경력	1	0		3						성적우수상	OO학회			20201209				주요활동							1	Y	0	OOO님의 자기소개서 입니다.	4	해외경험	해외 경험을 통해 문제 해결 능력을 키웠습니다.	해외에서의 경험은 저에게 큰 성장의 기회를 제공했습니다. 대학 시절, 6개월간 유럽에서 어학연수를 하며 다양한 문화와 사람들을 만났고, 이 과정에서 팀워크의 중요성을 깊이 깨달았습니다. 여러 국적의 친구들과 함께 프로젝트를 진행하며 서로의 의견을 존중하고 조율하는 법을 익혔습니다. 또한, 현지에서의 일상적인 문제들을 해결하기 위해 적극적으로 나섰고, 이를 통해 책임감을 기를 수 있었습니다. 이러한 경험은 저의 문제 해결 능력을 키워주었고, 다양한 시각에서 접근할 수 있는 능력을 배양하게 했습니다. 결과적으로, 해외 경험은 저의 인생에 긍정적인 영향을 미쳤고, 앞으로의 도전에서도 큰 자산이 될 것입니다.	Mar-22	2022-10-01	55497742190313136	9	웹디자인(포토샵·일러스트)	20190707	20191227	9611030	6086	1	2023-04-02 2:46	Mar-22	5543977	건축기사	건설/건축	2023-04-02 2:46
Aug-22	2.50658E+12	3.474E+12	2021-02-05	2022-03-20	8	오프라인	1	1	1	0	기간의 정함이 없는 근로계약	1	일용	37	1	570	345	517	32132	52929	70757	49	13	21	94	49	38	재학	고등학교	1	1	1	0	1	1	0	1	1	1	구직급여	남	1	1	0	368	28	71	44	1	182	56	89	201	45	48	61	1	55	65	CA	34359	시군구 일치	0	52	7856	소분류 일치	소분류 일치	70	91	99	0.261	60	35	79	2020-03-04 5:14	2020-10-08 22:21	0	2024-07-30 11:25	0	1	1	177	2021-04-19	2024-09-26	1	OOO님의 이력서입니다.	Y	7	전산능력	1	9	고급프로그램활용															기타 컴퓨터 활용능력							1	Y	0	OOO님의 자기소개서 입니다.	8	성격의 장단점	협력을 통해 성장하며 팀의 성과에 기여하고 있습니다	저는 긍정적이고 적극적인 성격을 가지고 있어 팀워크를 중요시하며, 언제나 동료들과의 협력을 통해 문제를 해결하려고 노력합니다. 이러한 태도 덕분에 다양한 상황에서도 원활하게 소통하고 조율할 수 있었습니다. 그러나 가끔은 지나치게 책임감을 느껴 혼자서 모든 일을 해결하려고 하는 경향이 있어, 이로 인해 스트레스를 받을 때가 있습니다. 이를 극복하기 위해 팀원들에게 도움을 요청하고 의견을 나누는 연습을 하고 있습니다. 이러한 과정은 저의 성장뿐만 아니라 팀의 성과에도 긍정적인 영향을 미치고 있습니다. 앞으로도 이러한 장점을 살리고 단점을 보완하여 더욱 발전하는 인재가 되겠습니다.	Aug-22	2021-02-05	11462999933341286	6	평생교육 프로그램 운영	20230921	20240111	6354270	9992	1	2020-03-04 5:14	Aug-22	5543977	건축기사	건설/건축	2020-03-04 5:14
Apr-21	8.42677E+12	1.2971E+12	2022-01-01	2024-11-28	15	온라인	1	1	1	0	기간의 정함이 없는 근로계약	1	일용	52	1	320	960	269	89987	33842	63289	38	42	51	86	30	90	재학	(2/4년제) 대학	1	59	0	1	0	1	0	1	0	0	구직급여	남	0	1	0	699	76	53	57	48	95	77	56	109	2	57	56	79	87	36	IS	69999	시군구 일치	0	3	5178	소분류 일치	대분류 일치	70	3	66	0.687	49	26	25	2024-03-13 7:47	2020-06-26 23:38	0	2021-11-06 20:42	0	0	0	788	2021-08-05	2021-02-02	1	OOO님의 이력서입니다.	Y	6	수상경력	1	0		1						공모전 수상	OO협회			20170717				주요활동							1	Y	0	OOO님의 자기소개서 입니다.	3	주요활동	팀워크와 문제 해결 능력을 통해 성장한 경험을 갖추었습니다.	대학 시절, 동아리 활동을 통해 팀워크와 문제 해결 능력을 키웠습니다. 프로젝트를 진행하며 다양한 의견을 조율하고, 각자의 강점을 살려 역할을 분담했습니다. 특히, 한 번은 중요한 발표를 앞두고 예상치 못한 기술적 문제에 직면했으나, 팀원들과의 긴밀한 협력을 통해 신속하게 해결책을 마련했습니다. 이 과정에서 책임감을 느끼며, 결과적으로 발표는 성공적으로 마무리되었습니다. 이러한 경험은 저에게 공동의 목표를 위해 협력하는 것의 중요성과 문제를 해결하는 능력을 배양하는 데 큰 도움이 되었습니다. 또한, 실패와 성공을 통해 지속적으로 성장할 수 있는 기회를 얻었습니다.	Apr-21	2022-01-01	68864823883538902	9	전기기능사 필기·실기	20200901	20201115	2364139	8726	1	2024-03-13 7:47	Apr-21	9548594	기계설계산업기사	기계	2024-03-13 7:47
Jul-24	9.9008E+12	7.30611E+12	2023-03-14	2020-01-07	68	오프라인	0	1	0	0	기간제근로계약	0	일용	2	1	795	973	558	62028	27878	22902	75	16	53	37	45	42	중퇴	고등학교	0	30	1	0	0	0	0	1	0	0	취업알선	남	0	0	1	873	6	71	39	78	252	11	78	60	91	60	31	77	43	81	CA	12813	시군구 일치	1	18	6612	중분류 일치	대분류 일치	80	92	10	0.354	80	0	87	2023-03-28 9:46	2023-04-21 12:18	1	2025-01-18 12:29	0	1	0	338	2024-03-11	2025-04-16	1	OOO님의 이력서입니다.	Y	4	개인경력	1	0		N				Y		OO기업	품질관리	인턴		20191209	20200530			기타사항	3		N	913395	200	2024	1	Y	0	OOO님의 자기소개서 입니다.	5	훈련자격	협업과 문제 해결을 통해 전문성을 키워왔습니다.	저는 다양한 훈련과정을 통해 전문성을 쌓아온 경험이 있습니다. 특히, 팀 프로젝트에서의 역할을 통해 협업의 중요성을 몸소 느꼈고, 문제 발생 시 적극적으로 해결책을 모색하며 책임감을 가지고 임했습니다. 이러한 과정에서 성장의 기회를 얻었고, 동료들과의 소통을 통해 더 나은 결과를 도출할 수 있었습니다. 앞으로도 훈련자로서 팀원들과 함께 발전하며, 긍정적인 변화를 이끌어내는 데 기여하고자 합니다.	Jul-24	2023-03-14	25071490318843140	1	일반경비원 신임교육	20180923	20181027	3517414	6580	1	2023-03-28 9:46	Jul-24	3034865	지게차운전기능사	물류/운전	2023-03-28 9:46
Dec-20	4.7041E+12	4.44085E+12	2025-02-21	2024-08-27	20	오프라인	0	0	1	0	파견근로계약	1	상용	39	0	484	730	393	68065	63903	87052	35	11	33	16	58	32	재학	(2/4년제) 대학	1	59	1	0	0	0	1	0	1	1	취업알선	남	0	0	1	238	91	14	89	90	182	75	44	121	31	86	48	41	66	62	CA	76681	시군구 일치	0	30	7579	중분류 일치	중분류 일치	60	100	30	0.713	51	56	59	2022-09-26 7:46	2020-08-22 12:11	1	2020-08-14 9:31	1	0	0	682	2022-03-29	2024-03-05	1	OOO님의 이력서입니다.	Y	7	전산능력	1	4	영상편집															기타 컴퓨터 활용능력							1	Y	0	OOO님의 자기소개서 입니다.	4	해외경험	해외 경험을 통해 문제 해결 능력을 키웠습니다.	해외에서의 경험은 저에게 큰 성장의 기회를 제공했습니다. 대학 시절, 6개월간 유럽에서 어학연수를 하며 다양한 문화와 사람들을 만났고, 이 과정에서 팀워크의 중요성을 깊이 깨달았습니다. 여러 국적의 친구들과 함께 프로젝트를 진행하며 서로의 의견을 존중하고 조율하는 법을 익혔습니다. 또한, 현지에서의 일상적인 문제들을 해결하기 위해 적극적으로 나섰고, 이를 통해 책임감을 기를 수 있었습니다. 이러한 경험은 저의 문제 해결 능력을 키워주었고, 다양한 시각에서 접근할 수 있는 능력을 배양하게 했습니다. 결과적으로, 해외 경험은 저의 인생에 긍정적인 영향을 미쳤고, 앞으로의 도전에서도 큰 자산이 될 것입니다.	Dec-20	2025-02-21	01442924710502114	4	[경비지도사] 1차	20180625	20181007	1801738	537	1	2022-09-26 7:46	Dec-20	5531896	산업안전기사	안전관리	2022-09-26 7:46
Oct-22	9.89975E+12	2.93359E+12	2025-03-22	2020-10-03	86	오프라인	0	1	1	1	기간의 정함이 없는 근로계약	0	일용	71	1	165	509	447	56622	63829	61242	28	78	64	12	30	37	중퇴	고등학교	0	67	0	1	1	0	1	0	0	0	취업알선	남	0	0	0	503	63	93	18	89	326	53	48	248	52	15	24	14	5	36	IS	60543	시도 일치	1	33	8538	대분류 일치	소분류 일치	0	5	28	0.609	78	71	15	2021-02-27 5:19	2024-07-25 16:40	1	2025-07-19 20:34	0	0	1	323	2022-05-28	2023-01-21	1	OOO님의 이력서입니다.	Y	7	전산능력	1	1	MS OFFICE 사용															기타 컴퓨터 활용능력							1	Y	0	OOO님의 자기소개서 입니다.	2	학창생활	팀워크와 문제 해결 능력을 통해 성장한 경험을 가지고 있습니다.	학창 시절, 다양한 활동을 통해 팀워크와 문제 해결 능력을 키웠습니다. 특히, 학급 대표로서 여러 프로젝트를 진행하며 친구들과 협력해 목표를 달성하는 기쁨을 느꼈습니다. 이러한 경험은 저에게 책임감을 심어주었고, 어려운 상황에서도 해결책을 찾는 데 집중할 수 있는 힘을 주었습니다. 또한, 동아리 활동을 통해 서로 다른 의견을 존중하고 조율하는 방법을 배우며 성장할 수 있었습니다. 이 모든 경험은 저의 인성과 능력을 발전시키는 데 큰 도움이 되었고, 앞으로의 도전에서도 이러한 배움을 바탕으로 성과를 이루고자 합니다.	Oct-22	2025-03-22	10409635691446214	4	요양보호사 이론·실습	20190608	20191120	6380279	3379	1	2021-02-27 5:19	Oct-22	9548594	기계설계산업기사	기계	2021-02-27 5:19
Nov-20	8.69164E+12	4.70967E+12	2023-09-21	2020-07-02	9	고용24	0	1	0	1	파견근로계약	0	일용	21	0	753	207	236	71308	99705	15709	67	88	65	61	1	9	중퇴	4년제 대학	0	17	1	0	0	0	0	1	1	1	직업훈련	남	0	1	1	581	55	84	26	49	180	21	49	280	78	94	17	40	32	41	IS	87451	시도 일치	0	98	8052	중분류 일치	대분류 일치	7	22	3	0.379	4	81	43	2022-11-02 18:33	2020-04-18 13:48	1	2023-01-20 7:36	1	0	1	248	2023-11-10	2022-05-23	1	OOO님의 이력서입니다.	Y	9	학력	1	7	고등학교	127900	산업공학	218289	기계공학	12	졸업	OO대학교	국문학	경영학		20251231	20251231			학점 / 총점							1	Y	0	OOO님의 자기소개서 입니다.	6	경력 및 업무경험	팀워크와 책임감을 바탕으로 성장하는 전문가입니다	저는 다양한 프로젝트에서 팀원으로서의 역할을 충실히 수행하며, 문제 해결 능력을 키워왔습니다. 이전 직장에서 진행한 제품 개발 프로젝트에서는 팀과의 원활한 소통을 통해 고객의 요구사항을 정확히 반영하여 최종 결과물의 품질을 높였습니다. 이 과정에서 발생한 여러 문제를 팀원들과 협력하여 해결하며, 책임감을 갖고 업무에 임했습니다. 또한, 프로젝트 종료 후 피드백을 통해 개인의 성장뿐만 아니라 팀의 역량도 강화할 수 있었습니다. 이러한 경험들은 앞으로의 업무에서도 팀워크와 책임감을 바탕으로 더욱 발전하는 데 큰 도움이 될 것입니다.	Nov-20	2023-09-21	68864823883538902	5	전기기능사 필기·실기	20240325	20240609	379930	3530	1	2022-11-02 18:33	Nov-20	5531896	산업안전기사	안전관리	2022-11-02 18:33
Dec-21	2.42278E+12	5.04872E+12	2024-11-11	2023-08-23	32	고용24	0	1	0	0	기간제근로계약	1	일용	39	0	707	363	592	16096	51003	59554	56	88	67	63	72	66	중퇴	(2/4년제) 대학	1	42	1	1	1	1	0	0	1	0	취업알선	여	0	1	1	279	39	81	20	86	132	99	5	45	17	70	0	45	39	71	IS	74459	시도 일치	0	85	7413	소분류 일치	중분류 일치	37	60	28	0.832	77	88	39	2025-04-04 23:08	2023-01-12 22:03	0	2021-04-20 16:34	0	0	1	584	2022-09-10	2023-01-28	1	OOO님의 이력서입니다.	Y	4	개인경력	1	0		Y				N		OO회사	생산관리	사원		20241111	20250828			기타사항	1		Y	682673	100	2024	1	Y	0	OOO님의 자기소개서 입니다.	99	기타	팀워크와 문제 해결 능력을 통해 성장한 경험을 가지고 있습니다.	다양한 경험을 통해 문제 해결 능력과 팀워크의 중요성을 깊이 이해하게 되었습니다. 대학 시절, 여러 프로젝트에서 팀원으로 참여하며 각자의 의견을 존중하고 조율하는 과정을 통해 협력의 가치를 실감했습니다. 특히, 예기치 않은 문제에 직면했을 때는 팀원들과 함께 brainstorming을 통해 창의적인 해결책을 도출하며 성장했습니다. 또한, 책임감을 가지고 맡은 역할을 수행하며 팀의 목표 달성에 기여한 경험은 저에게 큰 자산이 되었습니다. 앞으로도 끊임없이 배우고 성장하며, 팀과 함께 더 나은 결과를 만들어가는 일에 최선을 다할 것입니다.	Dec-21	2024-11-11	01442924710502114	4	[경비지도사] 1차	20240612	20240621	9293679	6211	1	2025-04-04 23:08	Dec-21	5531896	산업안전기사	안전관리	2025-04-04 23:08
Aug-25	7.72068E+12	2.6497E+12	2022-12-05	2025-03-26	100	오프라인	1	0	1	0	기간의 정함이 없는 근로계약	0	일용	50	1	916	641	682	65902	96158	80917	14	90	43	3	52	95	재학	4년제 대학	1	6	1	1	1	1	0	0	1	1	취업알선	여	0	0	0	587	49	3	85	48	208	37	56	186	86	54	3	86	9	4	IS	30944	시도 일치	1	77	1460	소분류 일치	소분류 일치	12	27	63	0.918	1	60	100	2020-01-11 20:32	2021-10-02 20:01	1	2023-11-25 21:24	1	1	1	893	2023-08-08	2024-09-16	1	OOO님의 이력서입니다.	Y	9	학력	1	8	대학원	33959	심리학	127900	산업공학	48	졸업예정	OO대학원	전기전자공학	심리학		20190707	20200306			학점 / 총점							1	Y	0	OOO님의 자기소개서 입니다.	6	경력 및 업무경험	팀워크와 책임감을 바탕으로 성장하는 전문가입니다	저는 다양한 프로젝트에서 팀원으로서의 역할을 충실히 수행하며, 문제 해결 능력을 키워왔습니다. 이전 직장에서 진행한 제품 개발 프로젝트에서는 팀과의 원활한 소통을 통해 고객의 요구사항을 정확히 반영하여 최종 결과물의 품질을 높였습니다. 이 과정에서 발생한 여러 문제를 팀원들과 협력하여 해결하며, 책임감을 갖고 업무에 임했습니다. 또한, 프로젝트 종료 후 피드백을 통해 개인의 성장뿐만 아니라 팀의 역량도 강화할 수 있었습니다. 이러한 경험들은 앞으로의 업무에서도 팀워크와 책임감을 바탕으로 더욱 발전하는 데 큰 도움이 될 것입니다.	Aug-25	2022-12-05	77941703229222216	2	파이썬 데이터분석	20250407	20250510	9744687	7869	1	2020-01-11 20:32	Aug-25	7665556	컴퓨터활용능력 1급	사무자동화	2020-01-11 20:32
Nov-23	6.4396E+12	8.10716E+12	2021-02-15	2022-09-11	2	온라인	0	1	0	1	기간의 정함이 없는 근로계약	0	일용	5	0	554	879	792	92553	15339	36194	84	18	59	62	10	96	졸업	4년제 대학	0	61	0	1	1	1	1	1	0	0	직업훈련	남	1	0	1	910	33	30	47	21	266	35	34	3	96	97	60	76	46	92	IS	58578	시군구 일치	0	53	9606	대분류 일치	중분류 일치	9	50	66	0.938	22	40	15	2023-12-22 15:38	2020-04-30 5:51	0	2024-05-21 2:33	0	1	0	606	2024-10-15	2024-09-27	1	OOO님의 이력서입니다.	Y	5	해외연수	1	0		71	해외연수					해외연수	현지업무보조	일본		20251008	20251231			기타내용							1	Y	0	OOO님의 자기소개서 입니다.	9	지원동기	팀워크와 책임감을 바탕으로 혁신을 추구하고 있습니다.	저는 항상 팀워크와 문제 해결을 통해 성장하는 것을 중요하게 생각해왔습니다. 이 과정에서 다양한 경험을 쌓으며 책임감을 기르게 되었고, 이를 통해 더욱 효과적으로 목표를 달성할 수 있었습니다. 지원하게 된 이유는 귀사의 비전과 가치가 저의 신념과 일치하기 때문입니다. 특히, 협업을 통해 혁신적인 해결책을 모색하고, 지속적으로 발전하는 환경에서 제 역량을 발휘하고 싶습니다. 함께 일하며 더 나은 결과를 만들어가는 과정에 기여하고 싶습니다.	Nov-23	2021-02-15	06972709895833868	3	시설경비 실무	20211024	20211223	9677377	5055	1	2023-12-22 15:38	Nov-23	7665556	컴퓨터활용능력 1급	사무자동화	2023-12-22 15:38
Jun-22	5.97887E+12	6.24926E+12	2025-06-11	2021-08-06	67	오프라인	1	0	1	0	기간제근로계약	0	일용	15	1	894	436	948	36861	49232	89562	4	50	43	42	89	35	졸업	(2/4년제) 대학	1	90	0	0	1	1	1	1	0	0	구직급여	여	0	0	0	375	39	0	99	6	363	11	42	61	70	12	24	49	13	78	IS	73423	시군구 일치	1	14	9143	대분류 일치	소분류 일치	39	54	40	0.406	27	79	85	2020-02-01 23:19	2021-12-16 0:16	0	2025-06-28 23:03	1	1	0	547	2021-07-16	2023-12-10	1	OOO님의 이력서입니다.	Y	9	학력	1	1	대학교(4년제)	121702	국문학	207726	전기전자공학	12	졸업	OO고등학교	기계공학	디자인		20151109	20160819			학점 / 총점							1	Y	0	OOO님의 자기소개서 입니다.	2	학창생활	팀워크와 문제 해결 능력을 통해 성장한 경험을 가지고 있습니다.	학창 시절, 다양한 활동을 통해 팀워크와 문제 해결 능력을 키웠습니다. 특히, 학급 대표로서 여러 프로젝트를 진행하며 친구들과 협력해 목표를 달성하는 기쁨을 느꼈습니다. 이러한 경험은 저에게 책임감을 심어주었고, 어려운 상황에서도 해결책을 찾는 데 집중할 수 있는 힘을 주었습니다. 또한, 동아리 활동을 통해 서로 다른 의견을 존중하고 조율하는 방법을 배우며 성장할 수 있었습니다. 이 모든 경험은 저의 인성과 능력을 발전시키는 데 큰 도움이 되었고, 앞으로의 도전에서도 이러한 배움을 바탕으로 성과를 이루고자 합니다.	Jun-22	2025-06-11	11462999933341286	9	평생교육 프로그램 운영	20200122	20200430	4694748	9174	1	2020-02-01 23:19	Jun-22	3091557	전기기사	전기/전자	2020-02-01 23:19
Apr-21	6.94984E+12	5.81658E+12	2020-05-03	2025-07-18	10	온라인	0	1	0	0	기간의 정함이 없는 근로계약	0	상용	6	1	592	774	689	36210	13676	66257	55	24	96	31	91	47	재학	(2/4년제) 대학	1	92	0	0	1	1	1	0	0	1	취업알선	남	0	0	1	890	82	97	81	74	73	79	53	19	16	64	67	65	95	12	CA	20385	시도 일치	0	42	5374	소분류 일치	대분류 일치	77	79	87	0.189	78	33	55	2021-11-24 1:49	2025-08-20 11:00	1	2024-08-13 8:01	0	0	0	466	2021-03-02	2023-01-17	1	OOO님의 이력서입니다.	Y	4	개인경력	1	0		Y				N		OO기업	품질관리	대리		20181110	20190407			기타사항	8		N	358081	100	2024	1	Y	0	OOO님의 자기소개서 입니다.	6	경력 및 업무경험	팀워크와 책임감을 바탕으로 성장하는 전문가입니다	저는 다양한 프로젝트에서 팀원으로서의 역할을 충실히 수행하며, 문제 해결 능력을 키워왔습니다. 이전 직장에서 진행한 제품 개발 프로젝트에서는 팀과의 원활한 소통을 통해 고객의 요구사항을 정확히 반영하여 최종 결과물의 품질을 높였습니다. 이 과정에서 발생한 여러 문제를 팀원들과 협력하여 해결하며, 책임감을 갖고 업무에 임했습니다. 또한, 프로젝트 종료 후 피드백을 통해 개인의 성장뿐만 아니라 팀의 역량도 강화할 수 있었습니다. 이러한 경험들은 앞으로의 업무에서도 팀워크와 책임감을 바탕으로 더욱 발전하는 데 큰 도움이 될 것입니다.	Apr-21	2020-05-03	25071490318843140	1	일반경비원 신임교육	20250520	20250905	5644837	9371	1	2021-11-24 1:49	Apr-21	3034865	지게차운전기능사	물류/운전	2021-11-24 1:49
May-20	9.83306E+12	5.84757E+12	2023-10-21	2020-11-15	98	온라인	1	1	1	1	파견근로계약	1	일용	48	0	397	688	742	37303	69144	93405	59	78	50	20	25	80	재학	4년제 대학	0	60	0	0	0	0	0	0	1	0	취업알선	남	1	1	1	797	83	41	9	47	334	38	84	18	97	19	39	68	34	56	CA	94071	시군구 일치	1	0	1070	소분류 일치	소분류 일치	23	26	0	0.499	30	24	36	2023-07-05 21:17	2024-09-21 13:11	1	2024-04-23 1:57	0	0	0	706	2020-11-23	2025-05-24	1	OOO님의 이력서입니다.	Y	6	수상경력	1	0		1						성적우수상	OO기관			20180528				주요활동							1	Y	0	OOO님의 자기소개서 입니다.	11	성장과정	팀워크와 문제 해결로 성과를 이끌어낸 경험이 있습니다.	저는 항상 팀워크와 문제 해결의 중요성을 강조하며 성장해왔습니다. 어린 시절, 다양한 동아리 활동을 통해 친구들과 협력하여 목표를 달성하는 경험을 쌓았습니다. 특히, 중학교 시절 학교 축제 준비를 하면서 팀원들과의 소통과 역할 분담의 중요성을 깨달았습니다. 이러한 경험은 고등학교와 대학에서도 이어졌고, 프로젝트를 수행할 때마다 책임감을 가지고 임하며 문제를 해결하는 데 집중했습니다. 그 결과, 팀이 목표를 초과 달성하는 성과를 이루었고, 이는 저의 성장에 큰 밑거름이 되었습니다. 이러한 경험을 바탕으로 앞으로도 끊임없이 배우고 성장하며, 팀과 함께 더 나은 결과를 만들어 나가고 싶습니다.	May-20	2023-10-21	77941703229222216	5	파이썬 데이터분석	20190520	20191101	7073651	2967	1	2023-07-05 21:17	May-20	5543977	건축기사	건설/건축	2023-07-05 21:17
Jan-25	2.71522E+12	7.83468E+12	2023-03-05	2020-03-02	85	고용24	1	0	0	0	기간제근로계약	0	일용	92	1	682	220	754	22918	65013	22649	63	23	92	94	12	42	중퇴	4년제 대학	1	47	1	1	1	0	0	1	1	0	취업알선	여	1	0	1	811	2	40	7	96	178	8	91	209	90	75	85	24	32	3	IS	85042	시군구 일치	1	25	8139	소분류 일치	대분류 일치	63	38	84	0.907	87	30	57	2023-10-01 20:26	2025-05-10 13:09	1	2022-12-21 14:41	0	1	1	151	2024-07-08	2024-08-20	1	OOO님의 이력서입니다.	Y	9	학력	1	7	고등학교	121702	국문학	218289	기계공학	18	재학	OO대학교	국문학	심리학		20171207	20180502			학점 / 총점							1	Y	0	OOO님의 자기소개서 입니다.	12	가치관	팀워크와 책임감을 통해 가치를 창출하는 인재입니다	저는 항상 팀워크와 책임감을 바탕으로 가치 있는 성장을 추구해왔습니다. 문제 해결 과정에서 동료들과 협력하며 다양한 의견을 존중하고, 이를 통해 최선의 결과를 도출하는 것을 중요하게 생각합니다. 이러한 과정은 저에게 개인적인 성장뿐만 아니라, 팀 전체의 발전에도 기여할 수 있는 기회를 제공합니다. 매사에 책임을 다하며, 긍정적인 변화와 혁신을 이끌어내는 것이 제 가치관의 핵심입니다. 이를 통해 더 나은 미래를 만들어가는 데 기여하고자 합니다.	Jan-25	2023-03-05	69437972902564021	2	CNC 선반 가공 실습	20230214	20230601	2051199	2438	1	2023-10-01 20:26	Jan-25	3091557	전기기사	전기/전자	2023-10-01 20:26
Oct-22	9.50081E+12	2.1708E+12	2020-01-30	2021-05-31	30	온라인	1	0	0	1	기간제근로계약	1	상용	60	1	244	812	850	83152	62476	69364	37	89	19	82	33	52	졸업	4년제 대학	0	42	0	1	0	1	0	0	0	0	구직급여	남	1	1	1	535	71	68	39	77	334	43	78	247	10	48	60	96	54	90	IS	39208	시군구 일치	0	11	3784	소분류 일치	중분류 일치	43	6	13	0.324	73	30	48	2024-04-06 2:08	2025-09-14 2:25	1	2020-04-05 7:13	0	1	0	768	2024-03-14	2021-07-16	1	OOO님의 이력서입니다.	Y	3	논문	1	0		1						중소기업 디지털전환 사례연구	OO대학교	재직자의 특성 분석 관련 내용		20170706											1	Y	0	OOO님의 자기소개서 입니다.	10	입사 후 포부	협력과 소통으로 팀의 시너지를 극대화하겠습니다	입사 후, 저는 팀의 일원으로서 협력과 소통을 통해 시너지를 창출하고 싶습니다. 다양한 문제 해결 경험을 바탕으로, 발생하는 이슈에 대해 적극적으로 접근하며 실질적인 해결책을 제시하겠습니다. 또한, 지속적인 자기 개발을 통해 변화하는 시장에 발맞추고, 회사의 성장에 기여할 수 있는 전문가로 성장하겠습니다. 책임감을 가지고 맡은 바 업무를 수행하며, 동료들과 함께 목표를 달성하는 과정에서 신뢰를 쌓고 긍정적인 조직 문화를 만들어 나가겠습니다.	Oct-22	2020-01-30	10409635691446214	4	요양보호사 이론·실습	20241121	20250116	57424	2793	1	2024-04-06 2:08	Oct-22	5208322	전산세무 2급	회계/세무	2024-04-06 2:08
Aug-23	4.05869E+12	7.22436E+12	2024-12-22	2024-01-27	10	온라인	1	0	1	1	기간제근로계약	1	상용	94	1	967	983	816	99512	63930	94092	56	94	61	50	43	26	재학	고등학교	0	78	1	0	0	0	1	1	0	1	직업훈련	남	0	1	0	393	67	89	67	12	45	17	26	178	16	30	0	29	23	87	IS	54025	시군구 일치	1	10	8081	대분류 일치	중분류 일치	33	40	63	0.06	4	10	59	2022-06-06 11:00	2023-04-30 7:15	0	2023-04-10 4:49	1	0	0	160	2023-12-31	2020-12-18	1	OOO님의 이력서입니다.	Y	7	전산능력	1	4	영상편집															기타 컴퓨터 활용능력							1	Y	0	OOO님의 자기소개서 입니다.	3	주요활동	팀워크와 문제 해결 능력을 통해 성장한 경험을 갖추었습니다.	대학 시절, 동아리 활동을 통해 팀워크와 문제 해결 능력을 키웠습니다. 프로젝트를 진행하며 다양한 의견을 조율하고, 각자의 강점을 살려 역할을 분담했습니다. 특히, 한 번은 중요한 발표를 앞두고 예상치 못한 기술적 문제에 직면했으나, 팀원들과의 긴밀한 협력을 통해 신속하게 해결책을 마련했습니다. 이 과정에서 책임감을 느끼며, 결과적으로 발표는 성공적으로 마무리되었습니다. 이러한 경험은 저에게 공동의 목표를 위해 협력하는 것의 중요성과 문제를 해결하는 능력을 배양하는 데 큰 도움이 되었습니다. 또한, 실패와 성공을 통해 지속적으로 성장할 수 있는 기회를 얻었습니다.	Aug-23	2024-12-22	21615638721642989	5	응용SW엔지니어링 실무	20200302	20200826	8047188	8172	1	2022-06-06 11:00	Aug-23	5531896	산업안전기사	안전관리	2022-06-06 11:00
Aug-21	7.96586E+12	9.96517E+12	2024-08-02	2024-10-04	53	고용24	0	1	0	1	기간제근로계약	0	상용	86	1	849	294	501	38450	67942	60325	65	8	8	34	83	25	중퇴	고등학교	1	18	1	0	0	0	1	0	1	0	직업훈련	여	1	0	0	376	22	44	96	62	343	11	23	259	2	0	68	87	91	62	IS	34778	시도 일치	1	4	1743	대분류 일치	대분류 일치	43	97	42	0.338	33	60	79	2020-03-30 17:14	2021-10-01 12:30	0	2022-01-11 20:05	0	0	1	826	2025-06-16	2020-03-23	1	OOO님의 이력서입니다.	Y	2	훈련	1	0		Y						민간훈련기관	ERP 실습									훈련과정					1	Y	0	OOO님의 자기소개서 입니다.	5	훈련자격	협업과 문제 해결을 통해 전문성을 키워왔습니다.	저는 다양한 훈련과정을 통해 전문성을 쌓아온 경험이 있습니다. 특히, 팀 프로젝트에서의 역할을 통해 협업의 중요성을 몸소 느꼈고, 문제 발생 시 적극적으로 해결책을 모색하며 책임감을 가지고 임했습니다. 이러한 과정에서 성장의 기회를 얻었고, 동료들과의 소통을 통해 더 나은 결과를 도출할 수 있었습니다. 앞으로도 훈련자로서 팀원들과 함께 발전하며, 긍정적인 변화를 이끌어내는 데 기여하고자 합니다.	Aug-21	2024-08-02	24610143870749029	1	빅데이터 분석 입문	20230213	20230620	1457445	413	1	2020-03-30 17:14	Aug-21	3034865	지게차운전기능사	물류/운전	2020-03-30 17:14
Apr-20	3.51784E+12	6.56681E+12	2024-07-26	2022-11-19	62	온라인	0	0	0	1	기간의 정함이 없는 근로계약	1	상용	76	0	294	333	421	43006	46082	56037	94	93	21	10	13	2	재학	4년제 대학	0	17	0	1	0	1	1	1	1	0	취업알선	남	0	0	0	895	100	20	1	84	335	94	96	8	40	90	40	70	98	66	IS	23863	시군구 일치	1	33	3184	대분류 일치	중분류 일치	93	48	39	0.561	30	27	60	2024-07-24 3:55	2020-02-27 6:58	0	2024-04-16 0:09	1	1	1	191	2021-03-16	2024-09-29	1	OOO님의 이력서입니다.	Y	5	해외연수	1	0		9	교환학생					해외인턴	문화교류 프로그램 참여	미국		20201122	20210127			기타내용							1	Y	0	OOO님의 자기소개서 입니다.	6	경력 및 업무경험	팀워크와 책임감을 바탕으로 성장하는 전문가입니다	저는 다양한 프로젝트에서 팀원으로서의 역할을 충실히 수행하며, 문제 해결 능력을 키워왔습니다. 이전 직장에서 진행한 제품 개발 프로젝트에서는 팀과의 원활한 소통을 통해 고객의 요구사항을 정확히 반영하여 최종 결과물의 품질을 높였습니다. 이 과정에서 발생한 여러 문제를 팀원들과 협력하여 해결하며, 책임감을 갖고 업무에 임했습니다. 또한, 프로젝트 종료 후 피드백을 통해 개인의 성장뿐만 아니라 팀의 역량도 강화할 수 있었습니다. 이러한 경험들은 앞으로의 업무에서도 팀워크와 책임감을 바탕으로 더욱 발전하는 데 큰 도움이 될 것입니다.	Apr-20	2024-07-26	21615638721642989	1	응용SW엔지니어링 실무	20210425	20210603	3373636	1893	1	2024-07-24 3:55	Apr-20	3034865	지게차운전기능사	물류/운전	2024-07-24 3:55
Mar-21	3.22687E+12	9.60844E+12	2024-03-28	2024-02-10	82	고용24	0	1	1	1	파견근로계약	0	일용	9	0	864	412	794	91936	38903	79046	79	24	24	93	11	0	재학	(2/4년제) 대학	1	20	1	1	1	0	0	1	0	1	취업알선	남	1	1	1	994	0	21	71	87	176	91	18	166	79	91	13	33	66	61	CA	18801	시도 일치	1	40	3573	소분류 일치	중분류 일치	14	37	30	0.105	45	53	22	2021-09-23 14:24	2022-06-30 10:32	1	2021-05-10 10:04	1	1	0	111	2021-05-10	2022-03-27	1	OOO님의 이력서입니다.	Y	3	논문	1	0		2						재직자 직무스트레스와 성과의 관계	OO대학교	재직자의 특성 분석 관련 내용		20250708											1	Y	0	OOO님의 자기소개서 입니다.	99	기타	팀워크와 문제 해결 능력을 통해 성장한 경험을 가지고 있습니다.	다양한 경험을 통해 문제 해결 능력과 팀워크의 중요성을 깊이 이해하게 되었습니다. 대학 시절, 여러 프로젝트에서 팀원으로 참여하며 각자의 의견을 존중하고 조율하는 과정을 통해 협력의 가치를 실감했습니다. 특히, 예기치 않은 문제에 직면했을 때는 팀원들과 함께 brainstorming을 통해 창의적인 해결책을 도출하며 성장했습니다. 또한, 책임감을 가지고 맡은 역할을 수행하며 팀의 목표 달성에 기여한 경험은 저에게 큰 자산이 되었습니다. 앞으로도 끊임없이 배우고 성장하며, 팀과 함께 더 나은 결과를 만들어가는 일에 최선을 다할 것입니다.	Mar-21	2024-03-28	01442924710502114	4	[경비지도사] 1차	20180516	20180723	8057632	8735	1	2021-09-23 14:24	Mar-21	5543977	건축기사	건설/건축	2021-09-23 14:24
Oct-20	1.55787E+12	3.4234E+12	2020-07-13	2022-08-28	18	오프라인	1	1	1	1	기간의 정함이 없는 근로계약	0	일용	40	0	280	123	405	75683	93419	39100	84	52	15	70	15	5	중퇴	고등학교	1	57	1	0	0	0	1	0	0	0	직업훈련	여	1	1	0	185	13	49	51	74	329	68	59	363	23	61	18	95	37	9	CA	90745	시도 일치	0	16	2264	대분류 일치	중분류 일치	42	95	26	0.041	76	19	29	2025-02-05 14:00	2023-06-18 14:52	0	2022-08-26 17:50	1	1	1	855	2022-08-20	2023-01-06	1	OOO님의 이력서입니다.	Y	1	자격면허	1	1387512	컴퓨터자격증							한국산업인력공단				20160805				자격증명							1	Y	0	OOO님의 자기소개서 입니다.	8	성격의 장단점	협력을 통해 성장하며 팀의 성과에 기여하고 있습니다	저는 긍정적이고 적극적인 성격을 가지고 있어 팀워크를 중요시하며, 언제나 동료들과의 협력을 통해 문제를 해결하려고 노력합니다. 이러한 태도 덕분에 다양한 상황에서도 원활하게 소통하고 조율할 수 있었습니다. 그러나 가끔은 지나치게 책임감을 느껴 혼자서 모든 일을 해결하려고 하는 경향이 있어, 이로 인해 스트레스를 받을 때가 있습니다. 이를 극복하기 위해 팀원들에게 도움을 요청하고 의견을 나누는 연습을 하고 있습니다. 이러한 과정은 저의 성장뿐만 아니라 팀의 성과에도 긍정적인 영향을 미치고 있습니다. 앞으로도 이러한 장점을 살리고 단점을 보완하여 더욱 발전하는 인재가 되겠습니다.	Oct-20	2020-07-13	10409635691446214	3	요양보호사 이론·실습	20210127	20210226	880384	7905	1	2025-02-05 14:00	Oct-20	9655488	전산회계 1급	회계/세무	2025-02-05 14:00
Mar-21	7.09887E+12	2.03663E+12	2023-08-20	2024-08-03	23	고용24	1	0	1	0	기간제근로계약	1	일용	58	1	737	664	285	12181	27771	11737	40	43	34	47	94	9	중퇴	고등학교	0	68	0	0	1	1	1	1	1	0	직업훈련	여	0	0	0	736	92	1	53	97	249	48	76	241	85	88	72	39	70	56	CA	37021	시도 일치	1	11	6266	소분류 일치	중분류 일치	63	80	79	0.404	95	70	97	2024-05-14 0:06	2021-01-30 12:18	0	2023-08-01 3:57	0	1	1	259	2022-04-30	2022-03-27	1	OOO님의 이력서입니다.	Y	5	해외연수	1	0		25	해외인턴					교환학생	문화교류 프로그램 참여	독일		20220314	20230314			기타내용							1	Y	0	OOO님의 자기소개서 입니다.	11	성장과정	팀워크와 문제 해결로 성과를 이끌어낸 경험이 있습니다.	저는 항상 팀워크와 문제 해결의 중요성을 강조하며 성장해왔습니다. 어린 시절, 다양한 동아리 활동을 통해 친구들과 협력하여 목표를 달성하는 경험을 쌓았습니다. 특히, 중학교 시절 학교 축제 준비를 하면서 팀원들과의 소통과 역할 분담의 중요성을 깨달았습니다. 이러한 경험은 고등학교와 대학에서도 이어졌고, 프로젝트를 수행할 때마다 책임감을 가지고 임하며 문제를 해결하는 데 집중했습니다. 그 결과, 팀이 목표를 초과 달성하는 성과를 이루었고, 이는 저의 성장에 큰 밑거름이 되었습니다. 이러한 경험을 바탕으로 앞으로도 끊임없이 배우고 성장하며, 팀과 함께 더 나은 결과를 만들어 나가고 싶습니다.	Mar-21	2023-08-20	77941703229222216	3	파이썬 데이터분석	20180203	20180412	4641174	1045	1	2024-05-14 0:06	Mar-21	9548594	기계설계산업기사	기계	2024-05-14 0:06
Oct-20	4.28555E+12	1.80423E+12	2024-06-13	2021-10-12	21	온라인	1	1	1	1	기간의 정함이 없는 근로계약	0	일용	91	0	377	633	859	28637	32211	31319	100	86	19	50	75	30	재학	4년제 대학	0	2	1	0	0	0	0	0	1	1	구직급여	남	0	1	1	943	71	25	79	65	208	42	75	309	93	38	62	91	18	88	CA	49951	시군구 일치	0	42	1202	소분류 일치	대분류 일치	53	43	35	0.247	81	26	78	2024-03-23 18:18	2021-02-22 19:05	1	2020-09-21 18:49	1	0	1	702	2020-10-12	2022-11-16	1	OOO님의 이력서입니다.	Y	12	참여프로젝트	1	0								플랫폼 구축 및 실증	PM	민간기업		20170409	20171016			주요 업무 및 성과							1	Y	0	OOO님의 자기소개서 입니다.	10	입사 후 포부	협력과 소통으로 팀의 시너지를 극대화하겠습니다	입사 후, 저는 팀의 일원으로서 협력과 소통을 통해 시너지를 창출하고 싶습니다. 다양한 문제 해결 경험을 바탕으로, 발생하는 이슈에 대해 적극적으로 접근하며 실질적인 해결책을 제시하겠습니다. 또한, 지속적인 자기 개발을 통해 변화하는 시장에 발맞추고, 회사의 성장에 기여할 수 있는 전문가로 성장하겠습니다. 책임감을 가지고 맡은 바 업무를 수행하며, 동료들과 함께 목표를 달성하는 과정에서 신뢰를 쌓고 긍정적인 조직 문화를 만들어 나가겠습니다.	Oct-20	2024-06-13	24610143870749029	6	빅데이터 분석 입문	20220313	20220626	4457114	1231	1	2024-03-23 18:18	Oct-20	9548594	기계설계산업기사	기계	2024-03-23 18:18
Apr-23	4.86601E+12	6.46503E+12	2023-02-17	2023-10-09	80	오프라인	0	0	1	1	파견근로계약	1	일용	88	1	780	425	530	44081	62519	24747	88	24	70	4	92	92	졸업	고등학교	0	78	1	1	0	0	1	1	1	1	취업알선	남	0	0	1	934	69	65	6	13	212	81	78	186	2	44	3	75	18	83	IS	98250	시군구 일치	0	21	3169	대분류 일치	중분류 일치	41	91	11	0.579	59	85	77	2021-09-14 5:25	2021-03-13 7:54	0	2024-09-22 16:16	0	1	1	976	2021-06-16	2022-06-23	1	OOO님의 이력서입니다.	Y	1	자격면허	1	1387512	컴퓨터자격증							한국산업인력공단				20150724				자격증명							1	Y	0	OOO님의 자기소개서 입니다.	10	입사 후 포부	협력과 소통으로 팀의 시너지를 극대화하겠습니다	입사 후, 저는 팀의 일원으로서 협력과 소통을 통해 시너지를 창출하고 싶습니다. 다양한 문제 해결 경험을 바탕으로, 발생하는 이슈에 대해 적극적으로 접근하며 실질적인 해결책을 제시하겠습니다. 또한, 지속적인 자기 개발을 통해 변화하는 시장에 발맞추고, 회사의 성장에 기여할 수 있는 전문가로 성장하겠습니다. 책임감을 가지고 맡은 바 업무를 수행하며, 동료들과 함께 목표를 달성하는 과정에서 신뢰를 쌓고 긍정적인 조직 문화를 만들어 나가겠습니다.	Apr-23	2023-02-17	25913899826259013	7	기중기 운전(이동식크레인)	20230504	20230828	604153	228	1	2021-09-14 5:25	Apr-23	4253756	정보처리기사	정보처리/소프트웨어	2021-09-14 5:25
Aug-20	9.91163E+12	4.0125E+12	2020-09-12	2022-10-23	63	오프라인	0	1	0	1	기간제근로계약	0	상용	92	1	809	802	348	48008	81511	22777	51	6	18	91	83	39	중퇴	(2/4년제) 대학	0	95	0	1	0	0	1	0	1	1	취업알선	남	1	1	1	333	33	100	43	93	254	8	32	230	48	63	99	43	12	83	IS	37866	시도 일치	1	2	3245	대분류 일치	중분류 일치	69	6	88	0.65	56	77	89	2025-07-24 4:22	2024-02-08 4:22	1	2025-06-10 14:31	0	0	1	500	2024-07-26	2025-04-05	1	OOO님의 이력서입니다.	Y	7	전산능력	1	3	문서작성															기타 컴퓨터 활용능력							1	Y	0	OOO님의 자기소개서 입니다.	2	학창생활	팀워크와 문제 해결 능력을 통해 성장한 경험을 가지고 있습니다.	학창 시절, 다양한 활동을 통해 팀워크와 문제 해결 능력을 키웠습니다. 특히, 학급 대표로서 여러 프로젝트를 진행하며 친구들과 협력해 목표를 달성하는 기쁨을 느꼈습니다. 이러한 경험은 저에게 책임감을 심어주었고, 어려운 상황에서도 해결책을 찾는 데 집중할 수 있는 힘을 주었습니다. 또한, 동아리 활동을 통해 서로 다른 의견을 존중하고 조율하는 방법을 배우며 성장할 수 있었습니다. 이 모든 경험은 저의 인성과 능력을 발전시키는 데 큰 도움이 되었고, 앞으로의 도전에서도 이러한 배움을 바탕으로 성과를 이루고자 합니다.	Aug-20	2020-09-12	25913899826259013	1	기중기 운전(이동식크레인)	20230424	20230711	8593629	6834	1	2025-07-24 4:22	Aug-20	3091557	전기기사	전기/전자	2025-07-24 4:22
May-23	3.83758E+12	3.37201E+12	2022-10-03	2023-09-03	63	고용24	1	1	1	1	파견근로계약	0	일용	54	1	211	453	103	78179	72670	71996	96	59	75	18	95	41	재학	4년제 대학	0	88	0	1	1	1	0	1	1	1	구직급여	남	0	1	0	482	86	34	82	60	203	86	12	227	84	95	38	42	25	73	IS	56519	시군구 일치	1	27	1284	대분류 일치	중분류 일치	26	96	75	0.934	98	87	77	2020-11-17 9:09	2024-07-13 20:49	1	2025-02-08 12:35	0	0	0	288	2020-09-23	2022-03-15	1	OOO님의 이력서입니다.	Y	6	수상경력	1	0		1						모범상	OO학회			20211113				주요활동							1	Y	0	OOO님의 자기소개서 입니다.	4	해외경험	해외 경험을 통해 문제 해결 능력을 키웠습니다.	해외에서의 경험은 저에게 큰 성장의 기회를 제공했습니다. 대학 시절, 6개월간 유럽에서 어학연수를 하며 다양한 문화와 사람들을 만났고, 이 과정에서 팀워크의 중요성을 깊이 깨달았습니다. 여러 국적의 친구들과 함께 프로젝트를 진행하며 서로의 의견을 존중하고 조율하는 법을 익혔습니다. 또한, 현지에서의 일상적인 문제들을 해결하기 위해 적극적으로 나섰고, 이를 통해 책임감을 기를 수 있었습니다. 이러한 경험은 저의 문제 해결 능력을 키워주었고, 다양한 시각에서 접근할 수 있는 능력을 배양하게 했습니다. 결과적으로, 해외 경험은 저의 인생에 긍정적인 영향을 미쳤고, 앞으로의 도전에서도 큰 자산이 될 것입니다.	May-23	2022-10-03	06972709895833868	1	시설경비 실무	20190305	20190615	9802705	6581	1	2020-11-17 9:09	May-23	9655488	전산회계 1급	회계/세무	2020-11-17 9:09
Apr-23	8.41327E+12	8.59554E+12	2020-07-06	2020-08-19	5	온라인	1	1	1	0	기간의 정함이 없는 근로계약	0	일용	12	1	273	478	645	74075	99656	44917	45	36	90	84	53	25	졸업	고등학교	0	52	0	0	1	0	1	1	1	1	취업알선	여	1	0	1	603	92	32	62	65	119	82	53	343	9	22	6	94	19	29	IS	64798	시군구 일치	0	39	5200	소분류 일치	대분류 일치	14	60	18	0.606	97	10	17	2025-08-12 8:15	2025-03-01 15:52	0	2021-07-09 5:07	1	1	0	527	2025-02-06	2021-10-16	1	OOO님의 이력서입니다.	Y	4	개인경력	1	0		N				N		OO테크	고객지원	대리		20180903	20181006			기타사항	2		N	586601	300	2025	1	Y	0	OOO님의 자기소개서 입니다.	7	나의 특장점	팀워크와 문제 해결 능력으로 조직에 기여하고자 합니다	저는 다양한 경험을 통해 쌓은 팀워크와 문제 해결 능력을 강점으로 삼고 있습니다. 대학 시절, 여러 프로젝트에서 팀원으로 활동하며 서로의 의견을 존중하고 조율하는 과정에서 협업의 중요성을 깨달았습니다. 또한, 예상치 못한 문제에 직면했을 때는 침착하게 상황을 분석하고, 팀원들과 함께 해결책을 모색하여 성공적으로 프로젝트를 마무리한 경험이 있습니다. 이러한 경험은 저에게 책임감을 더욱 강화시켰고, 지속적인 성장의 기회를 제공했습니다. 앞으로도 이러한 특장점을 바탕으로 조직에 기여하며 함께 발전해 나가고자 합니다.	Apr-23	2020-07-06	21615638721642989	5	응용SW엔지니어링 실무	20190807	20191120	4615884	853	1	2025-08-12 8:15	Apr-23	3091557	전기기사	전기/전자	2025-08-12 8:15
Feb-25	5.97329E+12	1.98545E+12	2022-12-02	2023-12-14	49	고용24	0	1	1	1	파견근로계약	1	일용	45	0	477	985	276	79093	84295	59788	58	98	18	50	49	54	재학	4년제 대학	0	81	0	0	0	0	1	1	0	0	취업알선	남	1	0	1	268	58	77	3	59	5	85	44	26	81	20	97	92	8	21	IS	65207	시군구 일치	1	64	1841	소분류 일치	중분류 일치	81	18	34	0.462	53	57	39	2022-11-09 6:57	2022-06-03 4:48	1	2022-03-25 14:26	1	1	1	122	2023-01-20	2024-05-31	1	OOO님의 이력서입니다.	Y	1	자격면허	1	9357528	운전면허							한국산업인력공단				20231217				자격증명							1	Y	0	OOO님의 자기소개서 입니다.	1	나의가족	가족의 유대감이 저에게 팀워크와 책임감을 심어주었습니다.	저는 가족과의 소중한 유대감을 통해 팀워크와 책임감의 중요성을 배웠습니다. 부모님은 항상 저에게 자신감을 주셨고, 형제자매와 함께 성장하며 서로의 문제를 함께 해결하는 법을 익혔습니다. 이러한 경험은 저의 인생에 큰 영향을 미쳤고, 협력의 가치를 깨닫게 해주었습니다. 가족은 저에게 도전과 어려움을 극복하는 힘을 주었으며, 그 과정에서 저는 더 나은 사람으로 성장할 수 있었습니다. 앞으로도 가족과의 관계를 바탕으로, 다양한 사람들과의 협업에서 긍정적인 영향을 미치며 함께 발전해 나가고 싶습니다.	Feb-25	2022-12-02	25913899826259013	2	기중기 운전(이동식크레인)	20190220	20190307	2501888	3024	1	2022-11-09 6:57	Feb-25	3091557	전기기사	전기/전자	2022-11-09 6:57
Oct-22	2.12542E+12	2.2129E+12	2022-10-07	2020-01-30	71	고용24	1	0	1	1	기간의 정함이 없는 근로계약	1	상용	35	0	994	790	800	33894	25636	83351	7	94	43	81	9	93	재학	고등학교	0	48	0	1	1	0	0	0	0	0	직업훈련	남	0	0	1	968	0	28	49	0	247	44	89	178	91	65	96	68	68	40	CA	68879	시군구 일치	1	9	7271	대분류 일치	소분류 일치	36	63	19	0.983	24	29	74	2021-09-12 15:06	2024-01-19 22:16	1	2022-01-25 19:07	1	1	1	971	2022-12-18	2022-05-07	1	OOO님의 이력서입니다.	Y	9	학력	1	7	고등학교	116165	통계학	121702	국문학	12	졸업	OO고등학교	국문학	산업공학		20150917	20160512			학점 / 총점							1	Y	0	OOO님의 자기소개서 입니다.	6	경력 및 업무경험	팀워크와 책임감을 바탕으로 성장하는 전문가입니다	저는 다양한 프로젝트에서 팀원으로서의 역할을 충실히 수행하며, 문제 해결 능력을 키워왔습니다. 이전 직장에서 진행한 제품 개발 프로젝트에서는 팀과의 원활한 소통을 통해 고객의 요구사항을 정확히 반영하여 최종 결과물의 품질을 높였습니다. 이 과정에서 발생한 여러 문제를 팀원들과 협력하여 해결하며, 책임감을 갖고 업무에 임했습니다. 또한, 프로젝트 종료 후 피드백을 통해 개인의 성장뿐만 아니라 팀의 역량도 강화할 수 있었습니다. 이러한 경험들은 앞으로의 업무에서도 팀워크와 책임감을 바탕으로 더욱 발전하는 데 큰 도움이 될 것입니다.	Oct-22	2022-10-07	35487487416386327	7	바리스타 2급 자격과정	20211210	20220219	8513756	7654	1	2021-09-12 15:06	Oct-22	9119	바리스타 2급	외식/식음료	2021-09-12 15:06
Aug-20	3.22285E+12	1.14332E+12	2025-04-22	2024-04-18	20	고용24	0	1	0	1	파견근로계약	1	일용	19	1	716	964	757	11984	48267	19248	64	12	11	25	37	19	중퇴	(2/4년제) 대학	0	72	1	0	0	1	1	0	0	0	구직급여	남	0	1	0	481	19	10	54	63	98	81	66	103	72	11	39	32	27	46	CA	75234	시도 일치	0	13	6347	소분류 일치	중분류 일치	44	70	0	0.335	66	94	44	2022-09-20 5:24	2023-01-14 10:49	1	2022-08-15 9:33	1	0	1	678	2022-02-21	2025-03-03	1	OOO님의 이력서입니다.	Y	2	훈련	1	0		Y						직업전문학교	응용SW 실무 프로젝트									훈련과정					1	Y	0	OOO님의 자기소개서 입니다.	12	가치관	팀워크와 책임감을 통해 가치를 창출하는 인재입니다	저는 항상 팀워크와 책임감을 바탕으로 가치 있는 성장을 추구해왔습니다. 문제 해결 과정에서 동료들과 협력하며 다양한 의견을 존중하고, 이를 통해 최선의 결과를 도출하는 것을 중요하게 생각합니다. 이러한 과정은 저에게 개인적인 성장뿐만 아니라, 팀 전체의 발전에도 기여할 수 있는 기회를 제공합니다. 매사에 책임을 다하며, 긍정적인 변화와 혁신을 이끌어내는 것이 제 가치관의 핵심입니다. 이를 통해 더 나은 미래를 만들어가는 데 기여하고자 합니다.	Aug-20	2025-04-22	68864823883538902	7	전기기능사 필기·실기	20220814	20221107	3377744	1882	1	2022-09-20 5:24	Aug-20	9548594	기계설계산업기사	기계	2022-09-20 5:24
Nov-21	1.93205E+12	4.82276E+12	2021-01-14	2025-06-17	8	온라인	1	0	0	0	기간의 정함이 없는 근로계약	0	일용	54	0	323	154	549	57677	57801	76722	36	33	97	58	34	12	중퇴	고등학교	1	17	0	1	0	0	1	1	0	0	구직급여	남	1	1	1	599	69	61	80	30	365	25	32	72	52	77	58	40	43	46	IS	59176	시도 일치	1	69	6384	소분류 일치	대분류 일치	54	78	75	0.366	7	55	42	2020-03-06 11:31	2024-12-23 7:45	0	2025-06-04 7:04	0	1	1	215	2023-09-01	2023-06-18	1	OOO님의 이력서입니다.	Y	5	해외연수	1	0		71	해외연수					해외인턴	문화교류 프로그램 참여	영국		20190320	20190916			기타내용							1	Y	0	OOO님의 자기소개서 입니다.	9	지원동기	팀워크와 책임감을 바탕으로 혁신을 추구하고 있습니다.	저는 항상 팀워크와 문제 해결을 통해 성장하는 것을 중요하게 생각해왔습니다. 이 과정에서 다양한 경험을 쌓으며 책임감을 기르게 되었고, 이를 통해 더욱 효과적으로 목표를 달성할 수 있었습니다. 지원하게 된 이유는 귀사의 비전과 가치가 저의 신념과 일치하기 때문입니다. 특히, 협업을 통해 혁신적인 해결책을 모색하고, 지속적으로 발전하는 환경에서 제 역량을 발휘하고 싶습니다. 함께 일하며 더 나은 결과를 만들어가는 과정에 기여하고 싶습니다.	Nov-21	2021-01-14	00667490271852068	2	건축도장 기능사 취득과정	20230510	20230514	4029907	1774	1	2020-03-06 11:31	Nov-21	5208322	전산세무 2급	회계/세무	2020-03-06 11:31
Nov-22	3.15823E+12	3.87293E+12	2021-10-05	2020-01-11	41	온라인	0	1	0	1	기간의 정함이 없는 근로계약	0	일용	76	1	469	606	717	36679	73839	47446	54	24	94	87	93	15	중퇴	(2/4년제) 대학	0	22	1	0	1	1	1	1	0	1	직업훈련	여	0	1	0	392	84	57	9	38	88	34	56	362	4	40	87	80	45	78	IS	44059	시도 일치	1	100	5213	소분류 일치	대분류 일치	18	48	56	0.704	41	11	71	2021-10-10 20:00	2024-09-12 11:00	0	2022-03-15 2:25	0	1	1	411	2023-04-23	2021-09-13	1	OOO님의 이력서입니다.	Y	5	해외연수	1	0		25	해외인턴					워킹홀리데이	어학습득	독일		20200626	20210612			기타내용							1	Y	0	OOO님의 자기소개서 입니다.	6	경력 및 업무경험	팀워크와 책임감을 바탕으로 성장하는 전문가입니다	저는 다양한 프로젝트에서 팀원으로서의 역할을 충실히 수행하며, 문제 해결 능력을 키워왔습니다. 이전 직장에서 진행한 제품 개발 프로젝트에서는 팀과의 원활한 소통을 통해 고객의 요구사항을 정확히 반영하여 최종 결과물의 품질을 높였습니다. 이 과정에서 발생한 여러 문제를 팀원들과 협력하여 해결하며, 책임감을 갖고 업무에 임했습니다. 또한, 프로젝트 종료 후 피드백을 통해 개인의 성장뿐만 아니라 팀의 역량도 강화할 수 있었습니다. 이러한 경험들은 앞으로의 업무에서도 팀워크와 책임감을 바탕으로 더욱 발전하는 데 큰 도움이 될 것입니다.	Nov-22	2021-10-05	68864823883538902	7	전기기능사 필기·실기	20210815	20220130	7483116	7195	1	2021-10-10 20:00	Nov-22	9548594	기계설계산업기사	기계	2021-10-10 20:00
Oct-21	8.877E+12	7.29818E+12	2020-04-18	2022-06-20	57	고용24	0	1	1	0	파견근로계약	1	일용	43	1	661	464	528	72129	45062	19706	27	73	77	68	21	13	중퇴	4년제 대학	0	21	1	0	0	0	0	0	1	0	구직급여	여	1	1	1	715	30	81	95	5	169	35	10	69	88	72	90	58	66	21	CA	85930	시도 일치	0	34	3072	중분류 일치	중분류 일치	14	91	35	0.881	16	2	23	2023-01-13 8:57	2023-04-30 19:02	1	2021-09-09 8:47	0	1	0	514	2023-03-15	2020-08-20	1	OOO님의 이력서입니다.	Y	7	전산능력	1	3	문서작성															기타 컴퓨터 활용능력							1	Y	0	OOO님의 자기소개서 입니다.	1	나의가족	가족의 유대감이 저에게 팀워크와 책임감을 심어주었습니다.	저는 가족과의 소중한 유대감을 통해 팀워크와 책임감의 중요성을 배웠습니다. 부모님은 항상 저에게 자신감을 주셨고, 형제자매와 함께 성장하며 서로의 문제를 함께 해결하는 법을 익혔습니다. 이러한 경험은 저의 인생에 큰 영향을 미쳤고, 협력의 가치를 깨닫게 해주었습니다. 가족은 저에게 도전과 어려움을 극복하는 힘을 주었으며, 그 과정에서 저는 더 나은 사람으로 성장할 수 있었습니다. 앞으로도 가족과의 관계를 바탕으로, 다양한 사람들과의 협업에서 긍정적인 영향을 미치며 함께 발전해 나가고 싶습니다.	Oct-21	2020-04-18	39679367523271519	4	지게차 운전 기능교육	20211227	20220125	714267	7170	1	2023-01-13 8:57	Oct-21	9548594	기계설계산업기사	기계	2023-01-13 8:57
Sep-21	8.28107E+12	1.2845E+12	2023-04-21	2025-05-20	78	오프라인	0	1	1	0	파견근로계약	0	상용	74	1	805	992	685	47597	43820	70448	7	42	73	44	8	0	중퇴	고등학교	1	27	1	1	0	1	1	0	0	0	취업알선	여	1	0	0	623	29	1	48	73	83	67	15	357	64	28	65	97	77	26	IS	15905	시군구 일치	0	35	1459	대분류 일치	소분류 일치	18	30	26	0.382	25	12	62	2022-11-10 2:50	2024-12-20 19:15	1	2024-08-15 17:28	1	0	1	466	2020-10-02	2023-11-10	1	OOO님의 이력서입니다.	Y	10	봉사활동	1	0								노인복지관 봉사	OO재단	자원봉사		20230306	20231227					주요활동					1	Y	0	OOO님의 자기소개서 입니다.	10	입사 후 포부	협력과 소통으로 팀의 시너지를 극대화하겠습니다	입사 후, 저는 팀의 일원으로서 협력과 소통을 통해 시너지를 창출하고 싶습니다. 다양한 문제 해결 경험을 바탕으로, 발생하는 이슈에 대해 적극적으로 접근하며 실질적인 해결책을 제시하겠습니다. 또한, 지속적인 자기 개발을 통해 변화하는 시장에 발맞추고, 회사의 성장에 기여할 수 있는 전문가로 성장하겠습니다. 책임감을 가지고 맡은 바 업무를 수행하며, 동료들과 함께 목표를 달성하는 과정에서 신뢰를 쌓고 긍정적인 조직 문화를 만들어 나가겠습니다.	Sep-21	2023-04-21	11462999933341286	4	평생교육 프로그램 운영	20250617	20250708	7245992	5607	1	2022-11-10 2:50	Sep-21	4253756	정보처리기사	정보처리/소프트웨어	2022-11-10 2:50
Jun-21	6.18954E+12	8.40548E+12	2023-06-12	2023-06-18	66	오프라인	0	1	0	1	기간의 정함이 없는 근로계약	0	일용	50	1	280	832	651	60183	64752	71136	37	43	23	45	76	36	중퇴	고등학교	0	8	0	1	1	1	1	0	0	1	구직급여	남	1	1	0	528	61	2	63	90	59	58	81	70	5	100	80	95	86	47	CA	14836	시도 일치	1	51	6256	대분류 일치	소분류 일치	57	42	0	0.753	7	39	73	2020-06-15 21:00	2022-05-04 5:56	0	2024-07-01 23:11	0	1	0	132	2020-08-29	2021-03-30	1	OOO님의 이력서입니다.	Y	12	참여프로젝트	1	0								데이터 파이프라인 구축	백엔드 개발	공공기관		20200601	20210501			주요 업무 및 성과							1	Y	0	OOO님의 자기소개서 입니다.	9	지원동기	팀워크와 책임감을 바탕으로 혁신을 추구하고 있습니다.	저는 항상 팀워크와 문제 해결을 통해 성장하는 것을 중요하게 생각해왔습니다. 이 과정에서 다양한 경험을 쌓으며 책임감을 기르게 되었고, 이를 통해 더욱 효과적으로 목표를 달성할 수 있었습니다. 지원하게 된 이유는 귀사의 비전과 가치가 저의 신념과 일치하기 때문입니다. 특히, 협업을 통해 혁신적인 해결책을 모색하고, 지속적으로 발전하는 환경에서 제 역량을 발휘하고 싶습니다. 함께 일하며 더 나은 결과를 만들어가는 과정에 기여하고 싶습니다.	Jun-21	2023-06-12	77941703229222216	6	파이썬 데이터분석	20240129	20240304	9386663	6821	1	2020-06-15 21:00	Jun-21	5531896	산업안전기사	안전관리	2020-06-15 21:00
Oct-22	3.41048E+12	9.97026E+12	2020-03-26	2021-01-21	92	온라인	0	0	0	0	기간제근로계약	1	상용	11	1	720	704	776	33544	91681	85703	88	15	33	44	90	46	졸업	(2/4년제) 대학	0	79	0	1	1	0	0	0	0	1	취업알선	남	1	1	1	508	60	86	39	51	149	33	15	41	94	97	40	25	84	21	IS	34797	시군구 일치	0	39	9703	소분류 일치	중분류 일치	19	5	27	0.598	63	14	87	2024-08-28 12:57	2025-02-16 17:27	0	2023-11-14 2:12	1	0	0	853	2022-07-13	2023-05-24	1	OOO님의 이력서입니다.	Y	12	참여프로젝트	1	0								플랫폼 구축 및 실증	테스트/품질관리	고용노동부		20200925	20210529			주요 업무 및 성과							1	Y	0	OOO님의 자기소개서 입니다.	6	경력 및 업무경험	팀워크와 책임감을 바탕으로 성장하는 전문가입니다	저는 다양한 프로젝트에서 팀원으로서의 역할을 충실히 수행하며, 문제 해결 능력을 키워왔습니다. 이전 직장에서 진행한 제품 개발 프로젝트에서는 팀과의 원활한 소통을 통해 고객의 요구사항을 정확히 반영하여 최종 결과물의 품질을 높였습니다. 이 과정에서 발생한 여러 문제를 팀원들과 협력하여 해결하며, 책임감을 갖고 업무에 임했습니다. 또한, 프로젝트 종료 후 피드백을 통해 개인의 성장뿐만 아니라 팀의 역량도 강화할 수 있었습니다. 이러한 경험들은 앞으로의 업무에서도 팀워크와 책임감을 바탕으로 더욱 발전하는 데 큰 도움이 될 것입니다.	Oct-22	2020-03-26	24610143870749029	9	빅데이터 분석 입문	20230607	20231118	8960542	9226	1	2024-08-28 12:57	Oct-22	9548594	기계설계산업기사	기계	2024-08-28 12:57
Mar-25	6.89179E+12	6.43656E+12	2023-03-29	2020-10-17	41	온라인	1	0	1	1	기간의 정함이 없는 근로계약	0	일용	98	0	458	320	762	77588	60603	20807	96	56	45	19	37	38	중퇴	고등학교	1	16	1	1	1	1	0	1	1	1	직업훈련	여	0	0	0	826	3	31	18	79	265	83	26	182	47	78	35	18	73	25	CA	31074	시도 일치	0	38	8080	중분류 일치	중분류 일치	88	97	5	0.45	35	92	42	2021-08-18 19:08	2022-05-15 14:39	1	2021-01-26 13:20	0	0	1	300	2020-01-03	2025-07-22	1	OOO님의 이력서입니다.	Y	7	전산능력	1	1	MS OFFICE 사용															기타 컴퓨터 활용능력							1	Y	0	OOO님의 자기소개서 입니다.	10	입사 후 포부	협력과 소통으로 팀의 시너지를 극대화하겠습니다	입사 후, 저는 팀의 일원으로서 협력과 소통을 통해 시너지를 창출하고 싶습니다. 다양한 문제 해결 경험을 바탕으로, 발생하는 이슈에 대해 적극적으로 접근하며 실질적인 해결책을 제시하겠습니다. 또한, 지속적인 자기 개발을 통해 변화하는 시장에 발맞추고, 회사의 성장에 기여할 수 있는 전문가로 성장하겠습니다. 책임감을 가지고 맡은 바 업무를 수행하며, 동료들과 함께 목표를 달성하는 과정에서 신뢰를 쌓고 긍정적인 조직 문화를 만들어 나가겠습니다.	Mar-25	2023-03-29	25071490318843140	5	일반경비원 신임교육	20230727	20231109	5631702	1632	1	2021-08-18 19:08	Mar-25	5208322	전산세무 2급	회계/세무	2021-08-18 19:08
Jun-25	6.81818E+12	6.14488E+12	2023-03-11	2025-01-20	16	오프라인	1	0	1	0	기간제근로계약	1	일용	84	0	403	602	594	38594	88897	78732	56	56	6	13	66	27	재학	(2/4년제) 대학	0	97	0	0	0	1	1	0	1	0	직업훈련	남	0	0	0	953	98	39	58	97	289	17	14	240	57	29	50	90	35	86	CA	35900	시도 일치	1	69	7757	중분류 일치	중분류 일치	98	41	60	0.75	12	79	27	2023-02-05 16:12	2023-11-06 22:04	0	2024-06-20 22:05	1	1	0	935	2020-02-10	2022-03-24	1	OOO님의 이력서입니다.	Y	2	훈련	1	0		Y						폴리텍대학	캐드 기초 과정 수료									훈련과정					1	Y	0	OOO님의 자기소개서 입니다.	9	지원동기	팀워크와 책임감을 바탕으로 혁신을 추구하고 있습니다.	저는 항상 팀워크와 문제 해결을 통해 성장하는 것을 중요하게 생각해왔습니다. 이 과정에서 다양한 경험을 쌓으며 책임감을 기르게 되었고, 이를 통해 더욱 효과적으로 목표를 달성할 수 있었습니다. 지원하게 된 이유는 귀사의 비전과 가치가 저의 신념과 일치하기 때문입니다. 특히, 협업을 통해 혁신적인 해결책을 모색하고, 지속적으로 발전하는 환경에서 제 역량을 발휘하고 싶습니다. 함께 일하며 더 나은 결과를 만들어가는 과정에 기여하고 싶습니다.	Jun-25	2023-03-11	06972709895833868	3	시설경비 실무	20230731	20230903	2924177	9782	1	2023-02-05 16:12	Jun-25	9655488	전산회계 1급	회계/세무	2023-02-05 16:12
Feb-24	6.42274E+12	9.12611E+12	2020-04-01	2021-01-26	93	온라인	0	1	1	1	기간제근로계약	0	상용	39	0	955	421	730	31473	27543	83665	36	60	13	49	26	75	졸업	4년제 대학	1	69	0	1	1	1	1	1	1	0	직업훈련	남	0	0	1	756	33	34	74	8	326	72	75	29	71	5	53	5	49	89	IS	45601	시군구 일치	0	24	6650	대분류 일치	대분류 일치	94	25	90	0.963	45	75	89	2020-10-28 13:32	2024-10-02 20:37	0	2025-08-16 10:02	0	0	1	567	2024-07-18	2025-08-31	1	OOO님의 이력서입니다.	Y	3	논문	1	0		2						머신러닝 기반 수요예측	OO연구원	자동화 도입 효과 분석		20220215											1	Y	0	OOO님의 자기소개서 입니다.	5	훈련자격	협업과 문제 해결을 통해 전문성을 키워왔습니다.	저는 다양한 훈련과정을 통해 전문성을 쌓아온 경험이 있습니다. 특히, 팀 프로젝트에서의 역할을 통해 협업의 중요성을 몸소 느꼈고, 문제 발생 시 적극적으로 해결책을 모색하며 책임감을 가지고 임했습니다. 이러한 과정에서 성장의 기회를 얻었고, 동료들과의 소통을 통해 더 나은 결과를 도출할 수 있었습니다. 앞으로도 훈련자로서 팀원들과 함께 발전하며, 긍정적인 변화를 이끌어내는 데 기여하고자 합니다.	Feb-24	2020-04-01	35487487416386327	3	바리스타 2급 자격과정	20230423	20230802	3089310	4204	1	2020-10-28 13:32	Feb-24	3091557	전기기사	전기/전자	2020-10-28 13:32
Apr-25	1.08067E+12	1.61362E+12	2020-10-19	2021-08-23	25	고용24	0	0	1	1	기간의 정함이 없는 근로계약	0	상용	51	0	270	396	121	33301	69472	24939	25	94	36	76	77	65	재학	고등학교	0	45	0	0	1	1	1	0	0	0	구직급여	여	1	1	0	897	89	62	34	40	92	8	84	99	79	46	54	82	36	14	CA	34750	시군구 일치	0	0	3970	중분류 일치	소분류 일치	1	81	98	0.36	48	76	89	2025-02-06 6:57	2025-05-15 16:59	1	2024-10-07 22:11	1	0	1	940	2021-12-12	2022-10-07	1	OOO님의 이력서입니다.	Y	2	훈련	1	0		N						폴리텍대학	응용SW 실무 프로젝트									훈련과정					1	Y	0	OOO님의 자기소개서 입니다.	3	주요활동	팀워크와 문제 해결 능력을 통해 성장한 경험을 갖추었습니다.	대학 시절, 동아리 활동을 통해 팀워크와 문제 해결 능력을 키웠습니다. 프로젝트를 진행하며 다양한 의견을 조율하고, 각자의 강점을 살려 역할을 분담했습니다. 특히, 한 번은 중요한 발표를 앞두고 예상치 못한 기술적 문제에 직면했으나, 팀원들과의 긴밀한 협력을 통해 신속하게 해결책을 마련했습니다. 이 과정에서 책임감을 느끼며, 결과적으로 발표는 성공적으로 마무리되었습니다. 이러한 경험은 저에게 공동의 목표를 위해 협력하는 것의 중요성과 문제를 해결하는 능력을 배양하는 데 큰 도움이 되었습니다. 또한, 실패와 성공을 통해 지속적으로 성장할 수 있는 기회를 얻었습니다.	Apr-25	2020-10-19	00667490271852068	9	건축도장 기능사 취득과정	20231108	20231226	3133389	6582	1	2025-02-06 6:57	Apr-25	4253756	정보처리기사	정보처리/소프트웨어	2025-02-06 6:57
Sep-25	3.66597E+12	7.41712E+12	2021-08-12	2022-12-11	17	온라인	0	1	0	1	기간의 정함이 없는 근로계약	0	상용	50	1	355	207	521	15537	60416	41690	66	80	46	11	76	39	재학	고등학교	0	6	1	1	1	1	1	1	0	1	직업훈련	여	1	1	1	227	62	50	30	79	243	94	24	73	19	29	79	68	13	41	CA	16562	시군구 일치	0	82	4121	대분류 일치	소분류 일치	20	68	9	0.444	92	91	82	2021-09-16 14:29	2022-08-16 13:32	1	2020-01-03 13:17	0	0	0	361	2021-08-25	2020-09-04	1	OOO님의 이력서입니다.	Y	6	수상경력	1	0		1						공모전 수상	OO협회			20230709				주요활동							1	Y	0	OOO님의 자기소개서 입니다.	6	경력 및 업무경험	팀워크와 책임감을 바탕으로 성장하는 전문가입니다	저는 다양한 프로젝트에서 팀원으로서의 역할을 충실히 수행하며, 문제 해결 능력을 키워왔습니다. 이전 직장에서 진행한 제품 개발 프로젝트에서는 팀과의 원활한 소통을 통해 고객의 요구사항을 정확히 반영하여 최종 결과물의 품질을 높였습니다. 이 과정에서 발생한 여러 문제를 팀원들과 협력하여 해결하며, 책임감을 갖고 업무에 임했습니다. 또한, 프로젝트 종료 후 피드백을 통해 개인의 성장뿐만 아니라 팀의 역량도 강화할 수 있었습니다. 이러한 경험들은 앞으로의 업무에서도 팀워크와 책임감을 바탕으로 더욱 발전하는 데 큰 도움이 될 것입니다.	Sep-25	2021-08-12	68864823883538902	1	전기기능사 필기·실기	20230212	20230809	5083258	7658	1	2021-09-16 14:29	Sep-25	5543977	건축기사	건설/건축	2021-09-16 14:29
May-24	5.05138E+12	9.27287E+12	2020-08-29	2022-11-15	90	고용24	0	1	0	1	기간제근로계약	1	상용	98	1	300	348	693	49623	37278	36341	52	79	41	34	22	34	중퇴	4년제 대학	0	32	0	0	1	1	1	0	1	0	직업훈련	여	0	1	0	303	73	70	84	95	203	19	100	238	12	6	32	3	37	8	CA	84887	시도 일치	1	34	1823	중분류 일치	소분류 일치	79	96	41	0.203	70	83	51	2022-03-18 4:41	2022-09-20 20:13	0	2025-04-18 21:06	1	1	0	312	2025-04-16	2023-05-12	1	OOO님의 이력서입니다.	Y	5	해외연수	1	0		71	해외연수					교환학생	문화교류 프로그램 참여	호주		20211015	20220223			기타내용							1	Y	0	OOO님의 자기소개서 입니다.	8	성격의 장단점	협력을 통해 성장하며 팀의 성과에 기여하고 있습니다	저는 긍정적이고 적극적인 성격을 가지고 있어 팀워크를 중요시하며, 언제나 동료들과의 협력을 통해 문제를 해결하려고 노력합니다. 이러한 태도 덕분에 다양한 상황에서도 원활하게 소통하고 조율할 수 있었습니다. 그러나 가끔은 지나치게 책임감을 느껴 혼자서 모든 일을 해결하려고 하는 경향이 있어, 이로 인해 스트레스를 받을 때가 있습니다. 이를 극복하기 위해 팀원들에게 도움을 요청하고 의견을 나누는 연습을 하고 있습니다. 이러한 과정은 저의 성장뿐만 아니라 팀의 성과에도 긍정적인 영향을 미치고 있습니다. 앞으로도 이러한 장점을 살리고 단점을 보완하여 더욱 발전하는 인재가 되겠습니다.	May-24	2020-08-29	24610143870749029	3	빅데이터 분석 입문	20191102	20200220	235826	8706	1	2022-03-18 4:41	May-24	5208322	전산세무 2급	회계/세무	2022-03-18 4:41
Dec-24	7.58404E+12	2.13132E+12	2021-04-11	2022-11-25	15	고용24	1	1	1	0	기간제근로계약	0	일용	96	0	998	631	552	18012	21771	73824	75	32	90	43	71	67	재학	(2/4년제) 대학	1	51	1	1	1	1	1	1	1	1	직업훈련	남	0	1	0	323	20	32	64	94	1	62	11	287	47	25	59	96	14	41	CA	44134	시도 일치	0	72	3937	중분류 일치	중분류 일치	7	25	5	0.159	80	54	40	2022-11-14 18:37	2023-07-20 12:03	1	2023-09-11 17:58	0	1	1	992	2023-01-31	2020-07-04	1	OOO님의 이력서입니다.	Y	1	자격면허	1	9357528	운전면허							한국산업인력공단				20250214				자격증명							1	Y	0	OOO님의 자기소개서 입니다.	2	학창생활	팀워크와 문제 해결 능력을 통해 성장한 경험을 가지고 있습니다.	학창 시절, 다양한 활동을 통해 팀워크와 문제 해결 능력을 키웠습니다. 특히, 학급 대표로서 여러 프로젝트를 진행하며 친구들과 협력해 목표를 달성하는 기쁨을 느꼈습니다. 이러한 경험은 저에게 책임감을 심어주었고, 어려운 상황에서도 해결책을 찾는 데 집중할 수 있는 힘을 주었습니다. 또한, 동아리 활동을 통해 서로 다른 의견을 존중하고 조율하는 방법을 배우며 성장할 수 있었습니다. 이 모든 경험은 저의 인성과 능력을 발전시키는 데 큰 도움이 되었고, 앞으로의 도전에서도 이러한 배움을 바탕으로 성과를 이루고자 합니다.	Dec-24	2021-04-11	25071490318843140	9	일반경비원 신임교육	20190201	20190615	8297092	5838	1	2022-11-14 18:37	Dec-24	9548594	기계설계산업기사	기계	2022-11-14 18:37
Jun-24	6.05604E+12	8.04412E+12	2021-03-07	2021-08-20	99	온라인	0	1	1	0	파견근로계약	1	상용	94	0	240	663	347	64276	96079	60564	94	66	80	97	7	39	중퇴	(2/4년제) 대학	0	56	1	1	0	0	1	1	1	0	구직급여	여	1	0	1	876	60	76	43	55	204	7	77	336	36	55	29	10	100	15	IS	34721	시도 일치	0	98	3292	대분류 일치	대분류 일치	50	97	73	0.34	15	62	83	2023-07-20 22:02	2021-08-14 20:12	0	2023-06-02 0:10	0	1	1	722	2021-02-02	2021-04-18	1	OOO님의 이력서입니다.	Y	5	해외연수	1	0		66	워킹홀리데이					교환학생	문화교류 프로그램 참여	미국		20200716	20201027			기타내용							1	Y	0	OOO님의 자기소개서 입니다.	3	주요활동	팀워크와 문제 해결 능력을 통해 성장한 경험을 갖추었습니다.	대학 시절, 동아리 활동을 통해 팀워크와 문제 해결 능력을 키웠습니다. 프로젝트를 진행하며 다양한 의견을 조율하고, 각자의 강점을 살려 역할을 분담했습니다. 특히, 한 번은 중요한 발표를 앞두고 예상치 못한 기술적 문제에 직면했으나, 팀원들과의 긴밀한 협력을 통해 신속하게 해결책을 마련했습니다. 이 과정에서 책임감을 느끼며, 결과적으로 발표는 성공적으로 마무리되었습니다. 이러한 경험은 저에게 공동의 목표를 위해 협력하는 것의 중요성과 문제를 해결하는 능력을 배양하는 데 큰 도움이 되었습니다. 또한, 실패와 성공을 통해 지속적으로 성장할 수 있는 기회를 얻었습니다.	Jun-24	2021-03-07	35487487416386327	3	바리스타 2급 자격과정	20181117	20190404	9053517	8472	1	2023-07-20 22:02	Jun-24	5543977	건축기사	건설/건축	2023-07-20 22:02
Aug-22	4.22288E+12	4.14656E+12	2020-11-04	2022-12-14	82	고용24	0	1	0	1	기간제근로계약	1	상용	63	0	879	181	298	59675	64419	19038	2	35	34	56	87	10	재학	(2/4년제) 대학	1	85	1	1	1	1	0	0	0	1	구직급여	남	0	1	1	519	7	41	20	85	142	34	97	46	60	70	30	7	65	53	CA	43752	시군구 일치	1	68	7929	중분류 일치	중분류 일치	76	26	37	0.556	39	73	40	2020-08-08 6:53	2025-05-16 6:40	0	2023-06-02 14:40	1	1	1	533	2021-03-10	2021-10-16	1	OOO님의 이력서입니다.	Y	6	수상경력	1	0		2						공모전 수상	OO기관			20201014				주요활동							1	Y	0	OOO님의 자기소개서 입니다.	1	나의가족	가족의 유대감이 저에게 팀워크와 책임감을 심어주었습니다.	저는 가족과의 소중한 유대감을 통해 팀워크와 책임감의 중요성을 배웠습니다. 부모님은 항상 저에게 자신감을 주셨고, 형제자매와 함께 성장하며 서로의 문제를 함께 해결하는 법을 익혔습니다. 이러한 경험은 저의 인생에 큰 영향을 미쳤고, 협력의 가치를 깨닫게 해주었습니다. 가족은 저에게 도전과 어려움을 극복하는 힘을 주었으며, 그 과정에서 저는 더 나은 사람으로 성장할 수 있었습니다. 앞으로도 가족과의 관계를 바탕으로, 다양한 사람들과의 협업에서 긍정적인 영향을 미치며 함께 발전해 나가고 싶습니다.	Aug-22	2020-11-04	11462999933341286	6	평생교육 프로그램 운영	20241115	20250423	755088	2957	1	2020-08-08 6:53	Aug-22	9548594	기계설계산업기사	기계	2020-08-08 6:53
Aug-21	8.26429E+12	2.48476E+12	2022-08-06	2020-08-11	91	고용24	0	1	1	1	파견근로계약	1	일용	59	0	573	375	440	17467	68847	61813	51	97	97	90	48	90	졸업	고등학교	0	74	1	0	1	1	0	1	0	0	직업훈련	여	0	1	1	411	89	11	12	84	203	85	84	109	39	26	23	80	41	36	CA	49751	시군구 일치	0	10	9632	중분류 일치	중분류 일치	25	76	83	0.095	34	41	17	2022-10-04 22:35	2023-01-07 14:29	1	2023-03-18 15:15	1	1	1	636	2021-02-22	2021-02-18	1	OOO님의 이력서입니다.	Y	8	외국어능력	1	6	독일어	5	JLPT								5급	20210113		2	중								1	Y	0	OOO님의 자기소개서 입니다.	11	성장과정	팀워크와 문제 해결로 성과를 이끌어낸 경험이 있습니다.	저는 항상 팀워크와 문제 해결의 중요성을 강조하며 성장해왔습니다. 어린 시절, 다양한 동아리 활동을 통해 친구들과 협력하여 목표를 달성하는 경험을 쌓았습니다. 특히, 중학교 시절 학교 축제 준비를 하면서 팀원들과의 소통과 역할 분담의 중요성을 깨달았습니다. 이러한 경험은 고등학교와 대학에서도 이어졌고, 프로젝트를 수행할 때마다 책임감을 가지고 임하며 문제를 해결하는 데 집중했습니다. 그 결과, 팀이 목표를 초과 달성하는 성과를 이루었고, 이는 저의 성장에 큰 밑거름이 되었습니다. 이러한 경험을 바탕으로 앞으로도 끊임없이 배우고 성장하며, 팀과 함께 더 나은 결과를 만들어 나가고 싶습니다.	Aug-21	2022-08-06	21615638721642989	9	응용SW엔지니어링 실무	20211101	20220111	1201052	8867	1	2022-10-04 22:35	Aug-21	3091557	전기기사	전기/전자	2022-10-04 22:35
May-25	5.14257E+12	1.61012E+12	2022-11-30	2023-06-23	38	온라인	0	0	1	1	파견근로계약	0	일용	90	0	105	658	275	91056	30512	78436	4	25	56	33	49	76	중퇴	고등학교	1	67	1	0	1	1	0	1	0	0	구직급여	남	0	1	1	305	53	19	27	73	206	77	8	156	71	16	11	4	91	43	IS	31956	시군구 일치	0	5	3860	중분류 일치	소분류 일치	89	14	79	0.149	78	17	47	2021-01-15 7:40	2024-06-28 15:27	0	2025-05-03 1:28	0	0	0	463	2020-03-22	2024-10-03	1	OOO님의 이력서입니다.	Y	7	전산능력	1	4	영상편집															기타 컴퓨터 활용능력							1	Y	0	OOO님의 자기소개서 입니다.	2	학창생활	팀워크와 문제 해결 능력을 통해 성장한 경험을 가지고 있습니다.	학창 시절, 다양한 활동을 통해 팀워크와 문제 해결 능력을 키웠습니다. 특히, 학급 대표로서 여러 프로젝트를 진행하며 친구들과 협력해 목표를 달성하는 기쁨을 느꼈습니다. 이러한 경험은 저에게 책임감을 심어주었고, 어려운 상황에서도 해결책을 찾는 데 집중할 수 있는 힘을 주었습니다. 또한, 동아리 활동을 통해 서로 다른 의견을 존중하고 조율하는 방법을 배우며 성장할 수 있었습니다. 이 모든 경험은 저의 인성과 능력을 발전시키는 데 큰 도움이 되었고, 앞으로의 도전에서도 이러한 배움을 바탕으로 성과를 이루고자 합니다.	May-25	2022-11-30	25913899826259013	9	기중기 운전(이동식크레인)	20220421	20220906	9589382	9245	1	2021-01-15 7:40	May-25	5543977	건축기사	건설/건축	2021-01-15 7:40
Dec-22	5.63871E+12	9.8023E+12	2024-10-01	2025-08-29	95	고용24	0	1	1	1	기간제근로계약	1	일용	12	1	624	608	569	17906	27002	65458	57	30	36	33	100	21	중퇴	4년제 대학	1	80	1	1	1	1	0	0	1	0	취업알선	남	1	1	0	513	21	79	94	45	231	92	31	330	36	73	87	81	61	85	CA	53125	시도 일치	1	39	4455	중분류 일치	중분류 일치	80	28	56	0.538	51	90	65	2022-01-27 6:35	2022-06-03 10:24	1	2023-02-02 21:41	0	1	0	402	2024-05-06	2021-04-30	1	OOO님의 이력서입니다.	Y	10	봉사활동	1	0								지역방범 및 순찰	OO파출소	자원봉사		20190327	20191218					주요활동					1	Y	0	OOO님의 자기소개서 입니다.	1	나의가족	가족의 유대감이 저에게 팀워크와 책임감을 심어주었습니다.	저는 가족과의 소중한 유대감을 통해 팀워크와 책임감의 중요성을 배웠습니다. 부모님은 항상 저에게 자신감을 주셨고, 형제자매와 함께 성장하며 서로의 문제를 함께 해결하는 법을 익혔습니다. 이러한 경험은 저의 인생에 큰 영향을 미쳤고, 협력의 가치를 깨닫게 해주었습니다. 가족은 저에게 도전과 어려움을 극복하는 힘을 주었으며, 그 과정에서 저는 더 나은 사람으로 성장할 수 있었습니다. 앞으로도 가족과의 관계를 바탕으로, 다양한 사람들과의 협업에서 긍정적인 영향을 미치며 함께 발전해 나가고 싶습니다.	Dec-22	2024-10-01	68864823883538902	6	전기기능사 필기·실기	20181008	20190304	1978233	5834	1	2022-01-27 6:35	Dec-22	3091557	전기기사	전기/전자	2022-01-27 6:35
Aug-20	7.04253E+12	8.46651E+12	2020-03-31	2024-10-27	70	오프라인	0	1	1	0	기간제근로계약	0	일용	46	0	893	350	284	85994	37970	58338	90	43	85	0	3	4	중퇴	(2/4년제) 대학	1	45	0	0	1	1	1	0	1	0	구직급여	여	1	0	0	710	84	48	20	29	219	54	43	145	22	45	90	84	91	56	IS	71574	시도 일치	0	69	5759	소분류 일치	소분류 일치	67	20	37	0.139	94	69	1	2025-09-16 23:51	2024-11-10 12:59	0	2023-04-07 21:54	1	0	1	844	2023-12-21	2020-09-04	1	OOO님의 이력서입니다.	Y	11	직업훈련	1																								1	Y	0	OOO님의 자기소개서 입니다.	11	성장과정	팀워크와 문제 해결로 성과를 이끌어낸 경험이 있습니다.	저는 항상 팀워크와 문제 해결의 중요성을 강조하며 성장해왔습니다. 어린 시절, 다양한 동아리 활동을 통해 친구들과 협력하여 목표를 달성하는 경험을 쌓았습니다. 특히, 중학교 시절 학교 축제 준비를 하면서 팀원들과의 소통과 역할 분담의 중요성을 깨달았습니다. 이러한 경험은 고등학교와 대학에서도 이어졌고, 프로젝트를 수행할 때마다 책임감을 가지고 임하며 문제를 해결하는 데 집중했습니다. 그 결과, 팀이 목표를 초과 달성하는 성과를 이루었고, 이는 저의 성장에 큰 밑거름이 되었습니다. 이러한 경험을 바탕으로 앞으로도 끊임없이 배우고 성장하며, 팀과 함께 더 나은 결과를 만들어 나가고 싶습니다.	Aug-20	2020-03-31	25071490318843140	2	일반경비원 신임교육	20190424	20190907	9410036	1520	1	2025-09-16 23:51	Aug-20	9119	바리스타 2급	외식/식음료	2025-09-16 23:51
Aug-24	3.33623E+12	7.67424E+12	2020-06-13	2021-02-19	24	오프라인	0	1	0	0	파견근로계약	1	일용	95	1	483	834	367	26555	37987	40276	76	62	78	54	40	41	중퇴	4년제 대학	0	73	0	0	1	1	0	1	1	0	취업알선	남	0	0	0	359	97	66	57	100	290	57	26	72	69	81	11	3	13	77	IS	15842	시군구 일치	1	89	7072	소분류 일치	소분류 일치	10	91	22	0.012	52	91	70	2020-09-11 5:03	2021-12-19 9:19	0	2020-12-01 6:20	1	1	1	126	2022-05-14	2024-10-24	1	OOO님의 이력서입니다.	Y	12	참여프로젝트	1	0								데이터 파이프라인 구축	데이터 수집/정제	고용노동부		20250102	20250605			주요 업무 및 성과							1	Y	0	OOO님의 자기소개서 입니다.	1	나의가족	가족의 유대감이 저에게 팀워크와 책임감을 심어주었습니다.	저는 가족과의 소중한 유대감을 통해 팀워크와 책임감의 중요성을 배웠습니다. 부모님은 항상 저에게 자신감을 주셨고, 형제자매와 함께 성장하며 서로의 문제를 함께 해결하는 법을 익혔습니다. 이러한 경험은 저의 인생에 큰 영향을 미쳤고, 협력의 가치를 깨닫게 해주었습니다. 가족은 저에게 도전과 어려움을 극복하는 힘을 주었으며, 그 과정에서 저는 더 나은 사람으로 성장할 수 있었습니다. 앞으로도 가족과의 관계를 바탕으로, 다양한 사람들과의 협업에서 긍정적인 영향을 미치며 함께 발전해 나가고 싶습니다.	Aug-24	2020-06-13	01442924710502114	4	[경비지도사] 1차	20240808	20241031	8315540	5781	1	2020-09-11 5:03	Aug-24	7665556	컴퓨터활용능력 1급	사무자동화	2020-09-11 5:03
May-20	6.01328E+12	6.42915E+12	2022-03-15	2022-08-01	21	오프라인	1	0	0	1	기간제근로계약	0	상용	91	0	843	987	239	72971	57030	65191	39	75	80	90	100	90	졸업	(2/4년제) 대학	0	43	0	0	0	1	1	1	0	1	구직급여	남	0	1	1	663	71	41	52	33	25	5	26	201	56	31	67	94	8	20	CA	36923	시도 일치	0	76	6613	대분류 일치	대분류 일치	23	22	33	0.538	75	12	93	2023-08-30 2:20	2021-10-17 19:34	0	2022-08-31 14:18	0	1	1	494	2022-09-29	2023-04-27	1	OOO님의 이력서입니다.	Y	9	학력	1	7	고등학교	255277	경제학	624606	경영학	48	졸업예정	OO대학원	경영학	경제학		20191216	20200402			학점 / 총점							1	Y	0	OOO님의 자기소개서 입니다.	3	주요활동	팀워크와 문제 해결 능력을 통해 성장한 경험을 갖추었습니다.	대학 시절, 동아리 활동을 통해 팀워크와 문제 해결 능력을 키웠습니다. 프로젝트를 진행하며 다양한 의견을 조율하고, 각자의 강점을 살려 역할을 분담했습니다. 특히, 한 번은 중요한 발표를 앞두고 예상치 못한 기술적 문제에 직면했으나, 팀원들과의 긴밀한 협력을 통해 신속하게 해결책을 마련했습니다. 이 과정에서 책임감을 느끼며, 결과적으로 발표는 성공적으로 마무리되었습니다. 이러한 경험은 저에게 공동의 목표를 위해 협력하는 것의 중요성과 문제를 해결하는 능력을 배양하는 데 큰 도움이 되었습니다. 또한, 실패와 성공을 통해 지속적으로 성장할 수 있는 기회를 얻었습니다.	May-20	2022-03-15	10409635691446214	3	요양보호사 이론·실습	20230602	20231113	7933541	558	1	2023-08-30 2:20	May-20	5531896	산업안전기사	안전관리	2023-08-30 2:20
May-24	1.58249E+12	3.55049E+12	2020-03-30	2021-01-03	19	고용24	0	1	0	1	기간제근로계약	0	일용	77	0	522	991	858	90212	78882	88630	10	30	51	25	5	91	졸업	(2/4년제) 대학	1	54	0	0	1	0	0	0	1	1	구직급여	여	1	0	1	270	97	74	19	76	205	87	58	71	97	50	52	7	91	1	CA	75286	시도 일치	1	64	5348	중분류 일치	대분류 일치	76	34	18	0.911	39	7	58	2024-03-18 9:18	2021-03-27 12:03	1	2023-01-14 0:34	0	1	0	104	2022-10-12	2023-06-10	1	OOO님의 이력서입니다.	Y	11	직업훈련	1																								1	Y	0	OOO님의 자기소개서 입니다.	2	학창생활	팀워크와 문제 해결 능력을 통해 성장한 경험을 가지고 있습니다.	학창 시절, 다양한 활동을 통해 팀워크와 문제 해결 능력을 키웠습니다. 특히, 학급 대표로서 여러 프로젝트를 진행하며 친구들과 협력해 목표를 달성하는 기쁨을 느꼈습니다. 이러한 경험은 저에게 책임감을 심어주었고, 어려운 상황에서도 해결책을 찾는 데 집중할 수 있는 힘을 주었습니다. 또한, 동아리 활동을 통해 서로 다른 의견을 존중하고 조율하는 방법을 배우며 성장할 수 있었습니다. 이 모든 경험은 저의 인성과 능력을 발전시키는 데 큰 도움이 되었고, 앞으로의 도전에서도 이러한 배움을 바탕으로 성과를 이루고자 합니다.	May-24	2020-03-30	77941703229222216	6	파이썬 데이터분석	20241004	20250402	4242775	904	1	2024-03-18 9:18	May-24	5531896	산업안전기사	안전관리	2024-03-18 9:18
Aug-21	3.19395E+12	5.22239E+12	2023-02-21	2020-12-22	79	오프라인	1	0	0	1	기간의 정함이 없는 근로계약	0	일용	2	0	172	726	438	33416	59474	94122	84	42	94	16	60	84	중퇴	고등학교	1	95	1	0	1	0	0	0	0	0	구직급여	남	1	1	1	162	28	20	98	92	105	16	81	355	99	36	86	27	42	81	CA	77131	시군구 일치	1	69	1512	대분류 일치	중분류 일치	41	39	31	0.026	49	30	34	2025-09-04 20:04	2025-05-01 4:18	0	2024-01-31 4:23	1	0	1	654	2021-11-13	2023-03-09	1	OOO님의 이력서입니다.	Y	7	전산능력	1	1	MS OFFICE 사용															기타 컴퓨터 활용능력							1	Y	0	OOO님의 자기소개서 입니다.	99	기타	팀워크와 문제 해결 능력을 통해 성장한 경험을 가지고 있습니다.	다양한 경험을 통해 문제 해결 능력과 팀워크의 중요성을 깊이 이해하게 되었습니다. 대학 시절, 여러 프로젝트에서 팀원으로 참여하며 각자의 의견을 존중하고 조율하는 과정을 통해 협력의 가치를 실감했습니다. 특히, 예기치 않은 문제에 직면했을 때는 팀원들과 함께 brainstorming을 통해 창의적인 해결책을 도출하며 성장했습니다. 또한, 책임감을 가지고 맡은 역할을 수행하며 팀의 목표 달성에 기여한 경험은 저에게 큰 자산이 되었습니다. 앞으로도 끊임없이 배우고 성장하며, 팀과 함께 더 나은 결과를 만들어가는 일에 최선을 다할 것입니다.	Aug-21	2023-02-21	68864823883538902	2	전기기능사 필기·실기	20230218	20230329	33564	8789	1	2025-09-04 20:04	Aug-21	9548594	기계설계산업기사	기계	2025-09-04 20:04
Apr-23	7.06749E+12	2.29259E+12	2020-01-14	2023-05-16	62	오프라인	0	0	1	0	기간의 정함이 없는 근로계약	1	일용	89	0	973	563	445	21094	42413	18051	100	42	40	42	30	39	졸업	고등학교	1	35	1	0	0	0	1	0	0	0	구직급여	남	1	1	0	441	15	47	38	73	42	60	19	38	84	87	15	45	74	72	CA	70046	시도 일치	1	32	1489	소분류 일치	소분류 일치	73	32	50	0.805	34	39	0	2020-08-20 22:47	2021-06-17 21:33	0	2020-01-30 16:29	1	0	0	795	2020-05-21	2023-08-18	1	OOO님의 이력서입니다.	Y	12	참여프로젝트	1	0								모바일 앱 개발	프론트엔드 개발	고용노동부		20181015	20190222			주요 업무 및 성과							1	Y	0	OOO님의 자기소개서 입니다.	11	성장과정	팀워크와 문제 해결로 성과를 이끌어낸 경험이 있습니다.	저는 항상 팀워크와 문제 해결의 중요성을 강조하며 성장해왔습니다. 어린 시절, 다양한 동아리 활동을 통해 친구들과 협력하여 목표를 달성하는 경험을 쌓았습니다. 특히, 중학교 시절 학교 축제 준비를 하면서 팀원들과의 소통과 역할 분담의 중요성을 깨달았습니다. 이러한 경험은 고등학교와 대학에서도 이어졌고, 프로젝트를 수행할 때마다 책임감을 가지고 임하며 문제를 해결하는 데 집중했습니다. 그 결과, 팀이 목표를 초과 달성하는 성과를 이루었고, 이는 저의 성장에 큰 밑거름이 되었습니다. 이러한 경험을 바탕으로 앞으로도 끊임없이 배우고 성장하며, 팀과 함께 더 나은 결과를 만들어 나가고 싶습니다.	Apr-23	2020-01-14	77941703229222216	4	파이썬 데이터분석	20230926	20231019	4928700	9121	1	2020-08-20 22:47	Apr-23	7665556	컴퓨터활용능력 1급	사무자동화	2020-08-20 22:47
Aug-23	9.67499E+12	1.40319E+12	2025-09-10	2021-01-21	59	오프라인	0	0	0	1	파견근로계약	1	일용	73	1	362	711	906	72931	96885	40590	29	62	0	60	97	89	재학	고등학교	0	92	1	0	0	1	0	0	1	1	직업훈련	여	1	0	1	627	43	68	35	46	258	17	65	22	13	59	1	78	37	12	IS	74382	시군구 일치	1	50	9041	소분류 일치	대분류 일치	54	87	42	0.073	60	77	98	2022-11-14 13:58	2022-06-29 22:52	0	2023-01-12 10:22	1	1	0	995	2024-06-20	2022-03-29	1	OOO님의 이력서입니다.	Y	8	외국어능력	1	9	이탈리아어	3	TestDaF								5급	20161229		1	상								1	Y	0	OOO님의 자기소개서 입니다.	10	입사 후 포부	협력과 소통으로 팀의 시너지를 극대화하겠습니다	입사 후, 저는 팀의 일원으로서 협력과 소통을 통해 시너지를 창출하고 싶습니다. 다양한 문제 해결 경험을 바탕으로, 발생하는 이슈에 대해 적극적으로 접근하며 실질적인 해결책을 제시하겠습니다. 또한, 지속적인 자기 개발을 통해 변화하는 시장에 발맞추고, 회사의 성장에 기여할 수 있는 전문가로 성장하겠습니다. 책임감을 가지고 맡은 바 업무를 수행하며, 동료들과 함께 목표를 달성하는 과정에서 신뢰를 쌓고 긍정적인 조직 문화를 만들어 나가겠습니다.	Aug-23	2025-09-10	39679367523271519	2	지게차 운전 기능교육	20180522	20180809	5660457	1622	1	2022-11-14 13:58	Aug-23	4253756	정보처리기사	정보처리/소프트웨어	2022-11-14 13:58
Nov-24	4.32106E+12	7.53604E+12	2020-11-05	2021-06-12	8	온라인	1	0	1	1	파견근로계약	0	상용	6	1	497	128	843	38656	35073	71681	72	79	7	71	36	45	졸업	고등학교	1	96	0	0	0	0	1	1	0	1	취업알선	남	0	0	1	875	28	38	63	67	310	67	45	306	84	1	33	6	29	41	CA	69318	시군구 일치	1	96	5449	중분류 일치	중분류 일치	66	33	64	0.508	27	41	0	2024-09-25 2:24	2022-09-04 22:24	0	2025-08-11 19:23	0	1	1	753	2021-07-05	2025-04-05	1	OOO님의 이력서입니다.	Y	6	수상경력	1	0		1						모범상	OO학회			20201024				주요활동							1	Y	0	OOO님의 자기소개서 입니다.	4	해외경험	해외 경험을 통해 문제 해결 능력을 키웠습니다.	해외에서의 경험은 저에게 큰 성장의 기회를 제공했습니다. 대학 시절, 6개월간 유럽에서 어학연수를 하며 다양한 문화와 사람들을 만났고, 이 과정에서 팀워크의 중요성을 깊이 깨달았습니다. 여러 국적의 친구들과 함께 프로젝트를 진행하며 서로의 의견을 존중하고 조율하는 법을 익혔습니다. 또한, 현지에서의 일상적인 문제들을 해결하기 위해 적극적으로 나섰고, 이를 통해 책임감을 기를 수 있었습니다. 이러한 경험은 저의 문제 해결 능력을 키워주었고, 다양한 시각에서 접근할 수 있는 능력을 배양하게 했습니다. 결과적으로, 해외 경험은 저의 인생에 긍정적인 영향을 미쳤고, 앞으로의 도전에서도 큰 자산이 될 것입니다.	Nov-24	2020-11-05	11462999933341286	1	평생교육 프로그램 운영	20181219	20190310	1282651	3473	1	2024-09-25 2:24	Nov-24	4253756	정보처리기사	정보처리/소프트웨어	2024-09-25 2:24
Jun-25	5.93881E+12	5.2793E+12	2021-12-02	2024-09-10	40	오프라인	1	0	1	0	파견근로계약	1	상용	82	0	970	882	105	31976	56053	16059	19	27	93	95	78	12	중퇴	4년제 대학	1	73	0	0	1	0	1	1	0	0	직업훈련	여	0	1	1	702	12	95	90	16	210	14	59	51	42	9	42	18	6	96	IS	50510	시도 일치	1	67	5128	중분류 일치	중분류 일치	80	95	0	0.116	4	29	81	2022-10-15 6:13	2024-10-13 23:11	1	2023-09-30 2:37	0	0	0	857	2021-07-20	2023-11-25	1	OOO님의 이력서입니다.	Y	3	논문	1	0		3						재직자 직무스트레스와 성과의 관계	OO연구원	재직자의 특성 분석 관련 내용		20161007											1	Y	0	OOO님의 자기소개서 입니다.	11	성장과정	팀워크와 문제 해결로 성과를 이끌어낸 경험이 있습니다.	저는 항상 팀워크와 문제 해결의 중요성을 강조하며 성장해왔습니다. 어린 시절, 다양한 동아리 활동을 통해 친구들과 협력하여 목표를 달성하는 경험을 쌓았습니다. 특히, 중학교 시절 학교 축제 준비를 하면서 팀원들과의 소통과 역할 분담의 중요성을 깨달았습니다. 이러한 경험은 고등학교와 대학에서도 이어졌고, 프로젝트를 수행할 때마다 책임감을 가지고 임하며 문제를 해결하는 데 집중했습니다. 그 결과, 팀이 목표를 초과 달성하는 성과를 이루었고, 이는 저의 성장에 큰 밑거름이 되었습니다. 이러한 경험을 바탕으로 앞으로도 끊임없이 배우고 성장하며, 팀과 함께 더 나은 결과를 만들어 나가고 싶습니다.	Jun-25	2021-12-02	24610143870749029	5	빅데이터 분석 입문	20181215	20190512	3623148	1439	1	2022-10-15 6:13	Jun-25	3034865	지게차운전기능사	물류/운전	2022-10-15 6:13
Nov-24	5.74618E+12	9.25362E+12	2022-09-28	2021-07-07	1	고용24	0	0	0	0	기간제근로계약	1	상용	78	1	395	372	353	22590	61050	54485	93	31	79	38	82	32	재학	4년제 대학	1	52	1	0	0	1	0	1	0	0	취업알선	여	1	1	0	712	93	56	98	47	278	38	18	309	60	88	99	84	39	88	CA	41586	시도 일치	0	83	7086	중분류 일치	중분류 일치	54	38	86	0.996	6	54	61	2020-09-18 8:08	2024-09-11 12:55	1	2024-05-03 21:45	1	0	0	813	2025-06-16	2020-04-21	1	OOO님의 이력서입니다.	Y	9	학력	1	1	대학교(4년제)	33959	심리학	207726	전기전자공학	18	재학	OO고등학교	컴퓨터공학	산업공학		20240626	20250620			학점 / 총점							1	Y	0	OOO님의 자기소개서 입니다.	9	지원동기	팀워크와 책임감을 바탕으로 혁신을 추구하고 있습니다.	저는 항상 팀워크와 문제 해결을 통해 성장하는 것을 중요하게 생각해왔습니다. 이 과정에서 다양한 경험을 쌓으며 책임감을 기르게 되었고, 이를 통해 더욱 효과적으로 목표를 달성할 수 있었습니다. 지원하게 된 이유는 귀사의 비전과 가치가 저의 신념과 일치하기 때문입니다. 특히, 협업을 통해 혁신적인 해결책을 모색하고, 지속적으로 발전하는 환경에서 제 역량을 발휘하고 싶습니다. 함께 일하며 더 나은 결과를 만들어가는 과정에 기여하고 싶습니다.	Nov-24	2022-09-28	39679367523271519	2	지게차 운전 기능교육	20220825	20220922	4752995	7709	1	2020-09-18 8:08	Nov-24	9119	바리스타 2급	외식/식음료	2020-09-18 8:08
Aug-22	4.19286E+12	2.7059E+12	2023-07-02	2020-07-03	24	온라인	0	1	0	1	기간제근로계약	1	상용	88	0	418	473	848	77012	60260	60793	14	30	71	77	10	72	재학	(2/4년제) 대학	1	14	0	1	0	1	1	1	1	1	취업알선	남	0	0	0	980	36	37	88	36	298	46	66	134	51	75	95	64	59	38	IS	90748	시군구 일치	0	76	6128	소분류 일치	대분류 일치	16	85	15	0.262	91	33	30	2023-04-01 12:03	2025-08-15 23:49	0	2024-09-30 9:48	0	1	0	683	2024-10-08	2021-04-28	1	OOO님의 이력서입니다.	Y	2	훈련	1	0		N						직업전문학교	응용SW 실무 프로젝트									훈련과정					1	Y	0	OOO님의 자기소개서 입니다.	10	입사 후 포부	협력과 소통으로 팀의 시너지를 극대화하겠습니다	입사 후, 저는 팀의 일원으로서 협력과 소통을 통해 시너지를 창출하고 싶습니다. 다양한 문제 해결 경험을 바탕으로, 발생하는 이슈에 대해 적극적으로 접근하며 실질적인 해결책을 제시하겠습니다. 또한, 지속적인 자기 개발을 통해 변화하는 시장에 발맞추고, 회사의 성장에 기여할 수 있는 전문가로 성장하겠습니다. 책임감을 가지고 맡은 바 업무를 수행하며, 동료들과 함께 목표를 달성하는 과정에서 신뢰를 쌓고 긍정적인 조직 문화를 만들어 나가겠습니다.	Aug-22	2023-07-02	55497742190313136	7	웹디자인(포토샵·일러스트)	20180129	20180625	7207087	1591	1	2023-04-01 12:03	Aug-22	9655488	전산회계 1급	회계/세무	2023-04-01 12:03
Feb-22	6.53366E+12	5.71247E+12	2024-07-28	2021-05-06	85	온라인	0	1	1	1	파견근로계약	1	상용	86	1	219	159	531	85320	66513	75252	61	46	90	77	71	63	재학	고등학교	1	51	1	0	1	0	0	0	1	1	직업훈련	여	0	1	1	762	69	32	49	13	180	97	40	347	7	61	19	71	44	28	CA	62578	시도 일치	1	49	3906	대분류 일치	중분류 일치	61	76	72	0.369	11	89	92	2022-11-30 23:46	2021-02-13 21:25	0	2022-03-04 4:24	0	0	1	722	2022-07-12	2021-01-24	1	OOO님의 이력서입니다.	Y	8	외국어능력	1	10	포르투갈어	6	HSK								5급	20220215		3	하								1	Y	0	OOO님의 자기소개서 입니다.	9	지원동기	팀워크와 책임감을 바탕으로 혁신을 추구하고 있습니다.	저는 항상 팀워크와 문제 해결을 통해 성장하는 것을 중요하게 생각해왔습니다. 이 과정에서 다양한 경험을 쌓으며 책임감을 기르게 되었고, 이를 통해 더욱 효과적으로 목표를 달성할 수 있었습니다. 지원하게 된 이유는 귀사의 비전과 가치가 저의 신념과 일치하기 때문입니다. 특히, 협업을 통해 혁신적인 해결책을 모색하고, 지속적으로 발전하는 환경에서 제 역량을 발휘하고 싶습니다. 함께 일하며 더 나은 결과를 만들어가는 과정에 기여하고 싶습니다.	Feb-22	2024-07-28	69437972902564021	4	CNC 선반 가공 실습	20230125	20230526	2203586	7786	1	2022-11-30 23:46	Feb-22	5531896	산업안전기사	안전관리	2022-11-30 23:46
Oct-22	6.29921E+12	7.08703E+12	2021-07-12	2022-07-23	11	오프라인	1	0	0	0	파견근로계약	0	일용	2	1	846	505	276	96839	70790	14146	56	3	0	61	37	88	중퇴	4년제 대학	1	90	1	0	1	1	1	0	0	1	직업훈련	남	0	0	0	221	80	81	82	3	174	85	52	37	25	49	76	82	52	70	IS	59986	시도 일치	0	80	8190	대분류 일치	대분류 일치	17	70	69	0.821	58	86	43	2022-07-28 20:07	2023-08-13 2:13	0	2025-06-30 14:28	1	1	0	938	2023-05-12	2021-12-03	1	OOO님의 이력서입니다.	Y	3	논문	1	0		3						재직자 직무스트레스와 성과의 관계	OO대학교	딥러닝 이미지 분류 비교		20200219											1	Y	0	OOO님의 자기소개서 입니다.	8	성격의 장단점	협력을 통해 성장하며 팀의 성과에 기여하고 있습니다	저는 긍정적이고 적극적인 성격을 가지고 있어 팀워크를 중요시하며, 언제나 동료들과의 협력을 통해 문제를 해결하려고 노력합니다. 이러한 태도 덕분에 다양한 상황에서도 원활하게 소통하고 조율할 수 있었습니다. 그러나 가끔은 지나치게 책임감을 느껴 혼자서 모든 일을 해결하려고 하는 경향이 있어, 이로 인해 스트레스를 받을 때가 있습니다. 이를 극복하기 위해 팀원들에게 도움을 요청하고 의견을 나누는 연습을 하고 있습니다. 이러한 과정은 저의 성장뿐만 아니라 팀의 성과에도 긍정적인 영향을 미치고 있습니다. 앞으로도 이러한 장점을 살리고 단점을 보완하여 더욱 발전하는 인재가 되겠습니다.	Oct-22	2021-07-12	11462999933341286	3	평생교육 프로그램 운영	20231122	20240217	9260255	7258	1	2022-07-28 20:07	Oct-22	3091557	전기기사	전기/전자	2022-07-28 20:07
Aug-22	2.7244E+12	4.3053E+12	2025-08-31	2022-06-24	20	고용24	0	0	1	1	기간의 정함이 없는 근로계약	0	상용	66	1	714	759	456	17626	83735	45151	80	84	77	74	93	15	졸업	(2/4년제) 대학	0	48	1	0	1	1	1	0	0	1	취업알선	남	0	1	1	374	53	17	30	16	131	90	8	174	1	29	36	18	92	63	IS	23975	시군구 일치	1	97	9201	소분류 일치	중분류 일치	87	26	6	0.704	72	54	45	2022-04-09 12:17	2021-07-22 5:16	0	2023-04-27 11:36	1	1	0	738	2024-09-01	2022-08-15	1	OOO님의 이력서입니다.	Y	5	해외연수	1	0		25	해외인턴					교환학생	어학습득	영국		20180924	20190628			기타내용							1	Y	0	OOO님의 자기소개서 입니다.	6	경력 및 업무경험	팀워크와 책임감을 바탕으로 성장하는 전문가입니다	저는 다양한 프로젝트에서 팀원으로서의 역할을 충실히 수행하며, 문제 해결 능력을 키워왔습니다. 이전 직장에서 진행한 제품 개발 프로젝트에서는 팀과의 원활한 소통을 통해 고객의 요구사항을 정확히 반영하여 최종 결과물의 품질을 높였습니다. 이 과정에서 발생한 여러 문제를 팀원들과 협력하여 해결하며, 책임감을 갖고 업무에 임했습니다. 또한, 프로젝트 종료 후 피드백을 통해 개인의 성장뿐만 아니라 팀의 역량도 강화할 수 있었습니다. 이러한 경험들은 앞으로의 업무에서도 팀워크와 책임감을 바탕으로 더욱 발전하는 데 큰 도움이 될 것입니다.	Aug-22	2025-08-31	68864823883538902	3	전기기능사 필기·실기	20240310	20240823	2056395	6514	1	2022-04-09 12:17	Aug-22	9548594	기계설계산업기사	기계	2022-04-09 12:17
Dec-21	1.89482E+12	4.68495E+12	2021-05-27	2021-01-14	3	온라인	1	0	1	1	기간의 정함이 없는 근로계약	1	일용	91	0	136	322	435	34249	66163	58590	82	81	36	14	1	92	재학	고등학교	1	6	0	0	0	1	0	1	1	0	구직급여	남	0	0	0	999	67	9	35	95	202	67	92	361	92	17	18	94	97	22	IS	13715	시군구 일치	0	69	8920	중분류 일치	중분류 일치	31	30	71	0.692	97	14	51	2021-09-13 13:47	2024-02-18 2:58	1	2022-10-03 13:09	1	1	0	741	2025-05-24	2022-06-30	1	OOO님의 이력서입니다.	Y	10	봉사활동	1	0								환경정화 활동	OO복지관	동아리/교내활동		20240119	20241018					주요활동					1	Y	0	OOO님의 자기소개서 입니다.	5	훈련자격	협업과 문제 해결을 통해 전문성을 키워왔습니다.	저는 다양한 훈련과정을 통해 전문성을 쌓아온 경험이 있습니다. 특히, 팀 프로젝트에서의 역할을 통해 협업의 중요성을 몸소 느꼈고, 문제 발생 시 적극적으로 해결책을 모색하며 책임감을 가지고 임했습니다. 이러한 과정에서 성장의 기회를 얻었고, 동료들과의 소통을 통해 더 나은 결과를 도출할 수 있었습니다. 앞으로도 훈련자로서 팀원들과 함께 발전하며, 긍정적인 변화를 이끌어내는 데 기여하고자 합니다.	Dec-21	2021-05-27	25913899826259013	8	기중기 운전(이동식크레인)	20220204	20220703	2227362	2410	1	2021-09-13 13:47	Dec-21	5531896	산업안전기사	안전관리	2021-09-13 13:47
Sep-21	4.53535E+12	9.97954E+12	2023-04-07	2020-10-16	35	온라인	1	1	1	1	기간제근로계약	1	상용	60	0	764	197	388	30612	56345	39787	64	69	41	73	85	76	재학	고등학교	0	71	0	0	0	1	0	0	1	1	구직급여	여	1	0	0	761	60	72	85	67	206	81	63	65	4	85	60	70	93	24	IS	48483	시도 일치	1	79	4958	중분류 일치	대분류 일치	56	87	26	0.182	24	3	75	2025-07-16 12:57	2024-03-26 4:36	1	2022-05-24 17:33	1	1	0	417	2024-09-24	2021-11-19	1	OOO님의 이력서입니다.	Y	11	직업훈련	1																								1	Y	0	OOO님의 자기소개서 입니다.	12	가치관	팀워크와 책임감을 통해 가치를 창출하는 인재입니다	저는 항상 팀워크와 책임감을 바탕으로 가치 있는 성장을 추구해왔습니다. 문제 해결 과정에서 동료들과 협력하며 다양한 의견을 존중하고, 이를 통해 최선의 결과를 도출하는 것을 중요하게 생각합니다. 이러한 과정은 저에게 개인적인 성장뿐만 아니라, 팀 전체의 발전에도 기여할 수 있는 기회를 제공합니다. 매사에 책임을 다하며, 긍정적인 변화와 혁신을 이끌어내는 것이 제 가치관의 핵심입니다. 이를 통해 더 나은 미래를 만들어가는 데 기여하고자 합니다.	Sep-21	2023-04-07	25913899826259013	1	기중기 운전(이동식크레인)	20240425	20240508	8588413	4575	1	2025-07-16 12:57	Sep-21	3034865	지게차운전기능사	물류/운전	2025-07-16 12:57
Dec-21	3.87964E+12	2.60978E+12	2021-09-07	2021-02-27	23	온라인	1	1	1	1	파견근로계약	0	상용	89	0	178	444	566	54169	98758	67415	55	29	74	77	52	90	중퇴	(2/4년제) 대학	1	41	1	1	1	0	0	0	1	1	구직급여	여	1	1	0	558	31	84	18	15	152	60	63	170	13	48	31	33	55	67	CA	49361	시군구 일치	0	61	3033	소분류 일치	대분류 일치	69	59	77	0.218	80	86	38	2020-03-11 1:42	2025-04-06 19:04	0	2023-03-31 14:03	1	0	0	694	2025-02-08	2025-09-10	1	OOO님의 이력서입니다.	Y	6	수상경력	1	0		3						성적우수상	OO협회			20221118				주요활동							1	Y	0	OOO님의 자기소개서 입니다.	9	지원동기	팀워크와 책임감을 바탕으로 혁신을 추구하고 있습니다.	저는 항상 팀워크와 문제 해결을 통해 성장하는 것을 중요하게 생각해왔습니다. 이 과정에서 다양한 경험을 쌓으며 책임감을 기르게 되었고, 이를 통해 더욱 효과적으로 목표를 달성할 수 있었습니다. 지원하게 된 이유는 귀사의 비전과 가치가 저의 신념과 일치하기 때문입니다. 특히, 협업을 통해 혁신적인 해결책을 모색하고, 지속적으로 발전하는 환경에서 제 역량을 발휘하고 싶습니다. 함께 일하며 더 나은 결과를 만들어가는 과정에 기여하고 싶습니다.	Dec-21	2021-09-07	35487487416386327	5	바리스타 2급 자격과정	20180613	20180911	7084605	7508	1	2020-03-11 1:42	Dec-21	7665556	컴퓨터활용능력 1급	사무자동화	2020-03-11 1:42
Aug-24	5.55804E+12	3.39521E+12	2023-12-09	2022-02-10	91	오프라인	1	0	1	0	기간제근로계약	0	상용	88	1	827	145	618	74634	32643	24437	96	34	5	49	34	73	재학	(2/4년제) 대학	1	30	1	0	1	1	1	1	1	1	직업훈련	여	0	1	1	722	56	56	46	2	49	66	64	287	29	59	77	54	95	53	IS	48099	시군구 일치	0	32	3910	대분류 일치	중분류 일치	85	45	42	0.798	65	65	62	2020-09-16 1:42	2021-11-11 19:22	1	2025-08-17 10:02	1	0	1	963	2020-05-22	2022-05-29	1	OOO님의 이력서입니다.	Y	10	봉사활동	1	0								환경정화 활동	OO재단	동아리/교내활동		20250622	20251231					주요활동					1	Y	0	OOO님의 자기소개서 입니다.	3	주요활동	팀워크와 문제 해결 능력을 통해 성장한 경험을 갖추었습니다.	대학 시절, 동아리 활동을 통해 팀워크와 문제 해결 능력을 키웠습니다. 프로젝트를 진행하며 다양한 의견을 조율하고, 각자의 강점을 살려 역할을 분담했습니다. 특히, 한 번은 중요한 발표를 앞두고 예상치 못한 기술적 문제에 직면했으나, 팀원들과의 긴밀한 협력을 통해 신속하게 해결책을 마련했습니다. 이 과정에서 책임감을 느끼며, 결과적으로 발표는 성공적으로 마무리되었습니다. 이러한 경험은 저에게 공동의 목표를 위해 협력하는 것의 중요성과 문제를 해결하는 능력을 배양하는 데 큰 도움이 되었습니다. 또한, 실패와 성공을 통해 지속적으로 성장할 수 있는 기회를 얻었습니다.	Aug-24	2023-12-09	08781580723053175	8	전산회계 실무	20210316	20210317	4537039	5440	1	2020-09-16 1:42	Aug-24	7665556	컴퓨터활용능력 1급	사무자동화	2020-09-16 1:42
Oct-21	2.93545E+12	6.81224E+12	2023-09-25	2023-03-25	14	오프라인	1	1	0	1	파견근로계약	1	상용	30	1	415	765	420	44212	54447	33398	23	56	2	53	18	49	중퇴	4년제 대학	0	28	1	1	0	0	1	1	0	1	직업훈련	여	0	1	0	765	28	67	98	16	185	69	28	300	12	82	9	49	2	59	CA	24859	시군구 일치	1	87	6446	대분류 일치	소분류 일치	40	32	45	0.512	90	34	65	2023-10-17 5:07	2021-02-19 20:51	0	2025-05-12 20:50	1	0	0	595	2024-08-04	2024-09-29	1	OOO님의 이력서입니다.	Y	5	해외연수	1	0		25	해외인턴					해외연수	어학습득	미국		20220122	20221210			기타내용							1	Y	0	OOO님의 자기소개서 입니다.	99	기타	팀워크와 문제 해결 능력을 통해 성장한 경험을 가지고 있습니다.	다양한 경험을 통해 문제 해결 능력과 팀워크의 중요성을 깊이 이해하게 되었습니다. 대학 시절, 여러 프로젝트에서 팀원으로 참여하며 각자의 의견을 존중하고 조율하는 과정을 통해 협력의 가치를 실감했습니다. 특히, 예기치 않은 문제에 직면했을 때는 팀원들과 함께 brainstorming을 통해 창의적인 해결책을 도출하며 성장했습니다. 또한, 책임감을 가지고 맡은 역할을 수행하며 팀의 목표 달성에 기여한 경험은 저에게 큰 자산이 되었습니다. 앞으로도 끊임없이 배우고 성장하며, 팀과 함께 더 나은 결과를 만들어가는 일에 최선을 다할 것입니다.	Oct-21	2023-09-25	69437972902564021	7	CNC 선반 가공 실습	20200704	20200720	1074398	3663	1	2023-10-17 5:07	Oct-21	3091557	전기기사	전기/전자	2023-10-17 5:07
Nov-22	9.97359E+12	7.75538E+12	2021-07-10	2025-02-22	86	온라인	0	0	0	0	기간의 정함이 없는 근로계약	0	일용	49	0	251	144	503	23130	59109	10613	57	13	65	15	67	60	재학	(2/4년제) 대학	1	24	0	1	0	0	1	1	0	0	직업훈련	여	1	0	1	935	84	38	91	28	157	7	97	85	95	66	77	73	87	30	IS	31316	시군구 일치	0	36	1844	소분류 일치	대분류 일치	28	64	45	0.449	44	70	73	2020-04-23 20:59	2021-09-07 22:53	1	2022-11-04 6:33	0	0	0	843	2024-01-18	2021-07-09	1	OOO님의 이력서입니다.	Y	4	개인경력	1	0		Y				Y		OO기업	품질관리	사원		20230205	20230412			기타사항	4		Y	896767	500	2025	1	Y	0	OOO님의 자기소개서 입니다.	99	기타	팀워크와 문제 해결 능력을 통해 성장한 경험을 가지고 있습니다.	다양한 경험을 통해 문제 해결 능력과 팀워크의 중요성을 깊이 이해하게 되었습니다. 대학 시절, 여러 프로젝트에서 팀원으로 참여하며 각자의 의견을 존중하고 조율하는 과정을 통해 협력의 가치를 실감했습니다. 특히, 예기치 않은 문제에 직면했을 때는 팀원들과 함께 brainstorming을 통해 창의적인 해결책을 도출하며 성장했습니다. 또한, 책임감을 가지고 맡은 역할을 수행하며 팀의 목표 달성에 기여한 경험은 저에게 큰 자산이 되었습니다. 앞으로도 끊임없이 배우고 성장하며, 팀과 함께 더 나은 결과를 만들어가는 일에 최선을 다할 것입니다.	Nov-22	2021-07-10	25913899826259013	2	기중기 운전(이동식크레인)	20220828	20230111	5695004	1701	1	2020-04-23 20:59	Nov-22	3034865	지게차운전기능사	물류/운전	2020-04-23 20:59
Dec-20	3.94457E+12	6.95988E+12	2022-05-20	2020-10-03	74	오프라인	0	1	0	1	기간의 정함이 없는 근로계약	0	상용	51	0	593	209	487	56482	58173	34196	40	84	98	57	24	70	졸업	고등학교	1	51	0	0	0	1	1	0	1	1	구직급여	여	1	0	0	535	22	13	39	42	149	73	81	192	14	69	83	57	24	58	IS	86171	시도 일치	1	56	2185	소분류 일치	대분류 일치	19	59	77	0.079	5	9	1	2023-10-03 7:12	2025-09-01 23:44	1	2021-10-22 2:41	0	0	0	843	2025-07-15	2023-04-22	1	OOO님의 이력서입니다.	Y	12	참여프로젝트	1	0								플랫폼 구축 및 실증	PM	민간기업		20190205	20190525			주요 업무 및 성과							1	Y	0	OOO님의 자기소개서 입니다.	2	학창생활	팀워크와 문제 해결 능력을 통해 성장한 경험을 가지고 있습니다.	학창 시절, 다양한 활동을 통해 팀워크와 문제 해결 능력을 키웠습니다. 특히, 학급 대표로서 여러 프로젝트를 진행하며 친구들과 협력해 목표를 달성하는 기쁨을 느꼈습니다. 이러한 경험은 저에게 책임감을 심어주었고, 어려운 상황에서도 해결책을 찾는 데 집중할 수 있는 힘을 주었습니다. 또한, 동아리 활동을 통해 서로 다른 의견을 존중하고 조율하는 방법을 배우며 성장할 수 있었습니다. 이 모든 경험은 저의 인성과 능력을 발전시키는 데 큰 도움이 되었고, 앞으로의 도전에서도 이러한 배움을 바탕으로 성과를 이루고자 합니다.	Dec-20	2022-05-20	25913899826259013	1	기중기 운전(이동식크레인)	20211212	20220131	6551148	6501	1	2023-10-03 7:12	Dec-20	5531896	산업안전기사	안전관리	2023-10-03 7:12
Mar-23	6.56496E+12	5.24846E+12	2022-04-16	2023-04-10	80	고용24	0	1	1	1	기간의 정함이 없는 근로계약	0	상용	46	0	791	897	524	79636	36619	18198	33	25	38	15	5	91	재학	(2/4년제) 대학	0	99	0	1	0	0	0	0	0	0	구직급여	남	1	0	1	164	27	3	70	62	9	35	77	243	25	22	12	84	2	27	IS	99622	시군구 일치	0	91	8695	중분류 일치	소분류 일치	58	67	36	0.172	12	28	11	2021-03-28 7:28	2021-08-05 0:32	0	2024-08-10 20:17	1	1	0	287	2024-05-12	2023-01-07	1	OOO님의 이력서입니다.	Y	8	외국어능력	1	3	영어	2	TOEIC								1급	20160919		3	하								1	Y	0	OOO님의 자기소개서 입니다.	11	성장과정	팀워크와 문제 해결로 성과를 이끌어낸 경험이 있습니다.	저는 항상 팀워크와 문제 해결의 중요성을 강조하며 성장해왔습니다. 어린 시절, 다양한 동아리 활동을 통해 친구들과 협력하여 목표를 달성하는 경험을 쌓았습니다. 특히, 중학교 시절 학교 축제 준비를 하면서 팀원들과의 소통과 역할 분담의 중요성을 깨달았습니다. 이러한 경험은 고등학교와 대학에서도 이어졌고, 프로젝트를 수행할 때마다 책임감을 가지고 임하며 문제를 해결하는 데 집중했습니다. 그 결과, 팀이 목표를 초과 달성하는 성과를 이루었고, 이는 저의 성장에 큰 밑거름이 되었습니다. 이러한 경험을 바탕으로 앞으로도 끊임없이 배우고 성장하며, 팀과 함께 더 나은 결과를 만들어 나가고 싶습니다.	Mar-23	2022-04-16	08781580723053175	2	전산회계 실무	20240718	20241026	4000726	1697	1	2021-03-28 7:28	Mar-23	5531896	산업안전기사	안전관리	2021-03-28 7:28
May-25	4.67078E+12	2.22618E+12	2022-04-12	2021-01-12	24	고용24	0	1	1	1	기간제근로계약	0	일용	1	1	374	537	442	16707	89259	81348	83	32	76	64	59	96	중퇴	4년제 대학	1	51	0	1	0	1	0	1	1	0	직업훈련	남	0	1	0	678	65	3	74	58	79	39	41	341	96	64	26	72	96	57	CA	60021	시도 일치	0	45	6499	소분류 일치	대분류 일치	65	68	82	0.188	79	88	80	2020-12-13 7:37	2024-03-29 6:25	0	2022-01-26 21:10	0	0	0	806	2021-01-16	2024-07-22	1	OOO님의 이력서입니다.	Y	9	학력	1	7	고등학교	127900	산업공학	635235	디자인	18	재학	OO고등학교	경영학	전기전자공학		20161108	20170925			학점 / 총점							1	Y	0	OOO님의 자기소개서 입니다.	12	가치관	팀워크와 책임감을 통해 가치를 창출하는 인재입니다	저는 항상 팀워크와 책임감을 바탕으로 가치 있는 성장을 추구해왔습니다. 문제 해결 과정에서 동료들과 협력하며 다양한 의견을 존중하고, 이를 통해 최선의 결과를 도출하는 것을 중요하게 생각합니다. 이러한 과정은 저에게 개인적인 성장뿐만 아니라, 팀 전체의 발전에도 기여할 수 있는 기회를 제공합니다. 매사에 책임을 다하며, 긍정적인 변화와 혁신을 이끌어내는 것이 제 가치관의 핵심입니다. 이를 통해 더 나은 미래를 만들어가는 데 기여하고자 합니다.	May-25	2022-04-12	24610143870749029	6	빅데이터 분석 입문	20200416	20200606	3970142	8059	1	2020-12-13 7:37	May-25	9655488	전산회계 1급	회계/세무	2020-12-13 7:37
Oct-22	1.58744E+12	1.06906E+12	2021-06-23	2022-09-19	28	온라인	0	0	1	0	기간제근로계약	0	상용	58	1	529	361	782	81174	59185	11415	75	71	81	84	30	100	중퇴	고등학교	0	70	1	0	1	0	1	0	0	1	취업알선	남	0	0	0	880	39	87	71	12	125	15	35	112	61	72	53	35	1	79	IS	22880	시군구 일치	1	70	4193	대분류 일치	중분류 일치	3	81	5	0.322	58	21	56	2023-03-11 8:44	2021-09-07 13:53	0	2022-10-25 9:12	0	1	1	618	2021-05-27	2020-10-12	1	OOO님의 이력서입니다.	Y	5	해외연수	1	0		9	교환학생					워킹홀리데이	현지업무보조	일본		20230307	20240113			기타내용							1	Y	0	OOO님의 자기소개서 입니다.	5	훈련자격	협업과 문제 해결을 통해 전문성을 키워왔습니다.	저는 다양한 훈련과정을 통해 전문성을 쌓아온 경험이 있습니다. 특히, 팀 프로젝트에서의 역할을 통해 협업의 중요성을 몸소 느꼈고, 문제 발생 시 적극적으로 해결책을 모색하며 책임감을 가지고 임했습니다. 이러한 과정에서 성장의 기회를 얻었고, 동료들과의 소통을 통해 더 나은 결과를 도출할 수 있었습니다. 앞으로도 훈련자로서 팀원들과 함께 발전하며, 긍정적인 변화를 이끌어내는 데 기여하고자 합니다.	Oct-22	2021-06-23	55497742190313136	5	웹디자인(포토샵·일러스트)	20220127	20220712	1989663	9085	1	2023-03-11 8:44	Oct-22	5543977	건축기사	건설/건축	2023-03-11 8:44
Apr-22	8.75367E+12	1.49306E+12	2022-05-08	2021-08-09	31	오프라인	1	0	0	1	기간제근로계약	1	일용	25	1	778	672	840	58317	41243	40809	100	61	49	46	21	31	중퇴	고등학교	0	73	1	1	1	1	1	0	0	0	직업훈련	여	0	1	1	200	41	62	34	69	280	18	45	13	0	94	50	98	71	38	CA	65093	시도 일치	0	81	2363	소분류 일치	소분류 일치	5	87	74	0.055	64	65	4	2021-11-30 4:45	2023-04-08 14:15	1	2021-06-16 8:13	0	0	1	749	2020-02-16	2025-03-23	1	OOO님의 이력서입니다.	Y	10	봉사활동	1	0								노인복지관 봉사	OO재단	자원봉사		20170630	20170903					주요활동					1	Y	0	OOO님의 자기소개서 입니다.	10	입사 후 포부	협력과 소통으로 팀의 시너지를 극대화하겠습니다	입사 후, 저는 팀의 일원으로서 협력과 소통을 통해 시너지를 창출하고 싶습니다. 다양한 문제 해결 경험을 바탕으로, 발생하는 이슈에 대해 적극적으로 접근하며 실질적인 해결책을 제시하겠습니다. 또한, 지속적인 자기 개발을 통해 변화하는 시장에 발맞추고, 회사의 성장에 기여할 수 있는 전문가로 성장하겠습니다. 책임감을 가지고 맡은 바 업무를 수행하며, 동료들과 함께 목표를 달성하는 과정에서 신뢰를 쌓고 긍정적인 조직 문화를 만들어 나가겠습니다.	Apr-22	2022-05-08	06972709895833868	8	시설경비 실무	20230924	20231013	6940741	6733	1	2021-11-30 4:45	Apr-22	9655488	전산회계 1급	회계/세무	2021-11-30 4:45
Jun-21	4.49159E+12	9.62362E+12	2023-02-24	2022-04-17	51	온라인	0	0	1	1	기간제근로계약	1	일용	11	0	151	495	736	79312	12939	59151	85	77	63	68	55	6	재학	4년제 대학	0	44	1	0	0	1	1	1	0	0	구직급여	여	1	1	0	127	20	26	64	11	199	67	75	153	3	40	69	17	70	42	CA	23172	시도 일치	0	61	4234	대분류 일치	중분류 일치	21	44	75	0.058	13	71	78	2022-12-21 20:53	2024-01-07 11:26	0	2023-11-17 5:52	1	1	0	595	2020-04-08	2022-08-21	1	OOO님의 이력서입니다.	Y	4	개인경력	1	0		N				N		OO기업	생산관리	대리		20150718	20151024			기타사항	12		N	943378	600	2024	1	Y	0	OOO님의 자기소개서 입니다.	6	경력 및 업무경험	팀워크와 책임감을 바탕으로 성장하는 전문가입니다	저는 다양한 프로젝트에서 팀원으로서의 역할을 충실히 수행하며, 문제 해결 능력을 키워왔습니다. 이전 직장에서 진행한 제품 개발 프로젝트에서는 팀과의 원활한 소통을 통해 고객의 요구사항을 정확히 반영하여 최종 결과물의 품질을 높였습니다. 이 과정에서 발생한 여러 문제를 팀원들과 협력하여 해결하며, 책임감을 갖고 업무에 임했습니다. 또한, 프로젝트 종료 후 피드백을 통해 개인의 성장뿐만 아니라 팀의 역량도 강화할 수 있었습니다. 이러한 경험들은 앞으로의 업무에서도 팀워크와 책임감을 바탕으로 더욱 발전하는 데 큰 도움이 될 것입니다.	Jun-21	2023-02-24	10409635691446214	6	요양보호사 이론·실습	20250307	20250429	8830164	3427	1	2022-12-21 20:53	Jun-21	9548594	기계설계산업기사	기계	2022-12-21 20:53
Aug-21	4.16421E+12	1.38199E+12	2023-06-12	2024-05-23	83	오프라인	0	1	0	1	파견근로계약	1	일용	36	1	196	916	813	95300	77497	52600	35	96	76	62	4	12	재학	4년제 대학	0	18	1	1	0	1	1	1	1	1	직업훈련	여	1	0	0	865	15	92	15	26	100	28	14	229	96	69	1	49	54	11	CA	26220	시도 일치	0	92	1078	중분류 일치	소분류 일치	95	48	32	0.867	83	41	30	2022-02-21 3:34	2024-05-19 0:57	1	2024-11-28 5:37	1	1	1	635	2021-06-26	2025-03-23	1	OOO님의 이력서입니다.	Y	1	자격면허	1	8012902	직무관련자격증							대한상공회의소				20180306				자격증명							1	Y	0	OOO님의 자기소개서 입니다.	8	성격의 장단점	협력을 통해 성장하며 팀의 성과에 기여하고 있습니다	저는 긍정적이고 적극적인 성격을 가지고 있어 팀워크를 중요시하며, 언제나 동료들과의 협력을 통해 문제를 해결하려고 노력합니다. 이러한 태도 덕분에 다양한 상황에서도 원활하게 소통하고 조율할 수 있었습니다. 그러나 가끔은 지나치게 책임감을 느껴 혼자서 모든 일을 해결하려고 하는 경향이 있어, 이로 인해 스트레스를 받을 때가 있습니다. 이를 극복하기 위해 팀원들에게 도움을 요청하고 의견을 나누는 연습을 하고 있습니다. 이러한 과정은 저의 성장뿐만 아니라 팀의 성과에도 긍정적인 영향을 미치고 있습니다. 앞으로도 이러한 장점을 살리고 단점을 보완하여 더욱 발전하는 인재가 되겠습니다.	Aug-21	2023-06-12	00667490271852068	4	건축도장 기능사 취득과정	20230824	20230929	4995530	9465	1	2022-02-21 3:34	Aug-21	9655488	전산회계 1급	회계/세무	2022-02-21 3:34
Aug-25	1.19935E+12	2.95938E+12	2024-04-05	2025-06-15	15	온라인	1	0	1	0	기간제근로계약	1	일용	15	1	817	473	107	81768	61343	37685	49	37	97	43	47	95	중퇴	4년제 대학	0	33	0	1	0	0	0	0	0	0	직업훈련	여	0	0	0	728	11	52	51	64	270	49	78	71	0	48	84	49	39	81	IS	70695	시군구 일치	1	44	3203	소분류 일치	소분류 일치	20	58	48	0.514	28	18	48	2022-03-27 17:49	2024-12-16 0:14	0	2024-05-01 20:58	1	1	1	680	2023-06-22	2022-11-02	1	OOO님의 이력서입니다.	Y	4	개인경력	1	0		Y				N		OO회사	검사/포장	대리		20230130	20231130			기타사항	3		N	865109	600	2023	1	Y	0	OOO님의 자기소개서 입니다.	8	성격의 장단점	협력을 통해 성장하며 팀의 성과에 기여하고 있습니다	저는 긍정적이고 적극적인 성격을 가지고 있어 팀워크를 중요시하며, 언제나 동료들과의 협력을 통해 문제를 해결하려고 노력합니다. 이러한 태도 덕분에 다양한 상황에서도 원활하게 소통하고 조율할 수 있었습니다. 그러나 가끔은 지나치게 책임감을 느껴 혼자서 모든 일을 해결하려고 하는 경향이 있어, 이로 인해 스트레스를 받을 때가 있습니다. 이를 극복하기 위해 팀원들에게 도움을 요청하고 의견을 나누는 연습을 하고 있습니다. 이러한 과정은 저의 성장뿐만 아니라 팀의 성과에도 긍정적인 영향을 미치고 있습니다. 앞으로도 이러한 장점을 살리고 단점을 보완하여 더욱 발전하는 인재가 되겠습니다.	Aug-25	2024-04-05	77941703229222216	3	파이썬 데이터분석	20230406	20230907	5969577	4071	1	2022-03-27 17:49	Aug-25	5208322	전산세무 2급	회계/세무	2022-03-27 17:49
Oct-20	6.00294E+12	4.26627E+12	2023-02-08	2020-05-20	59	오프라인	1	0	1	1	기간의 정함이 없는 근로계약	0	일용	1	0	571	472	917	94288	18457	98489	75	31	74	55	11	14	재학	4년제 대학	0	100	1	1	0	0	0	0	1	1	구직급여	남	1	0	0	493	68	34	0	83	62	24	19	113	33	10	76	37	57	78	IS	61319	시도 일치	1	70	5328	소분류 일치	중분류 일치	82	20	90	0.813	78	54	92	2022-09-08 17:18	2021-04-08 9:20	0	2022-07-15 14:19	0	1	0	578	2021-10-14	2025-04-15	1	OOO님의 이력서입니다.	Y	3	논문	1	0		2						재직자 직무스트레스와 성과의 관계	OO연구원	재직자의 특성 분석 관련 내용		20180607											1	Y	0	OOO님의 자기소개서 입니다.	10	입사 후 포부	협력과 소통으로 팀의 시너지를 극대화하겠습니다	입사 후, 저는 팀의 일원으로서 협력과 소통을 통해 시너지를 창출하고 싶습니다. 다양한 문제 해결 경험을 바탕으로, 발생하는 이슈에 대해 적극적으로 접근하며 실질적인 해결책을 제시하겠습니다. 또한, 지속적인 자기 개발을 통해 변화하는 시장에 발맞추고, 회사의 성장에 기여할 수 있는 전문가로 성장하겠습니다. 책임감을 가지고 맡은 바 업무를 수행하며, 동료들과 함께 목표를 달성하는 과정에서 신뢰를 쌓고 긍정적인 조직 문화를 만들어 나가겠습니다.	Oct-20	2023-02-08	24610143870749029	4	빅데이터 분석 입문	20181112	20190120	5328558	7827	1	2022-09-08 17:18	Oct-20	5531896	산업안전기사	안전관리	2022-09-08 17:18
Mar-23	9.62577E+12	3.67021E+12	2020-08-27	2024-01-16	69	온라인	0	0	1	1	기간의 정함이 없는 근로계약	0	상용	27	0	675	118	343	49180	61299	54582	80	36	72	47	79	87	졸업	(2/4년제) 대학	0	23	0	0	0	0	1	0	0	1	직업훈련	남	0	0	0	838	11	8	4	79	88	89	68	195	48	46	69	33	16	44	IS	25267	시군구 일치	1	82	8329	대분류 일치	중분류 일치	64	99	98	0.749	38	46	83	2023-03-22 8:21	2022-01-29 20:33	1	2022-09-04 15:39	0	0	0	142	2020-01-20	2021-11-26	1	OOO님의 이력서입니다.	Y	2	훈련	1	0		Y						직업전문학교	캐드 기초 과정 수료									훈련과정					1	Y	0	OOO님의 자기소개서 입니다.	9	지원동기	팀워크와 책임감을 바탕으로 혁신을 추구하고 있습니다.	저는 항상 팀워크와 문제 해결을 통해 성장하는 것을 중요하게 생각해왔습니다. 이 과정에서 다양한 경험을 쌓으며 책임감을 기르게 되었고, 이를 통해 더욱 효과적으로 목표를 달성할 수 있었습니다. 지원하게 된 이유는 귀사의 비전과 가치가 저의 신념과 일치하기 때문입니다. 특히, 협업을 통해 혁신적인 해결책을 모색하고, 지속적으로 발전하는 환경에서 제 역량을 발휘하고 싶습니다. 함께 일하며 더 나은 결과를 만들어가는 과정에 기여하고 싶습니다.	Mar-23	2020-08-27	77941703229222216	9	파이썬 데이터분석	20240130	20240423	2914860	4207	1	2023-03-22 8:21	Mar-23	7665556	컴퓨터활용능력 1급	사무자동화	2023-03-22 8:21
Sep-22	9.48248E+12	1.5863E+12	2023-03-28	2022-05-05	10	오프라인	1	1	1	1	기간제근로계약	0	일용	63	1	946	268	983	72558	89814	89302	81	36	57	42	10	59	중퇴	(2/4년제) 대학	1	26	0	1	0	0	0	1	0	1	구직급여	여	1	0	0	982	88	30	96	33	254	44	85	197	64	65	14	82	22	38	CA	96944	시도 일치	1	66	9732	중분류 일치	중분류 일치	87	3	78	0.192	20	31	89	2023-01-26 8:24	2022-09-20 20:55	0	2020-11-10 14:12	1	1	1	513	2025-02-26	2020-07-11	1	OOO님의 이력서입니다.	Y	12	참여프로젝트	1	0								데이터 파이프라인 구축	프론트엔드 개발	공공기관		20240224	20241118			주요 업무 및 성과							1	Y	0	OOO님의 자기소개서 입니다.	10	입사 후 포부	협력과 소통으로 팀의 시너지를 극대화하겠습니다	입사 후, 저는 팀의 일원으로서 협력과 소통을 통해 시너지를 창출하고 싶습니다. 다양한 문제 해결 경험을 바탕으로, 발생하는 이슈에 대해 적극적으로 접근하며 실질적인 해결책을 제시하겠습니다. 또한, 지속적인 자기 개발을 통해 변화하는 시장에 발맞추고, 회사의 성장에 기여할 수 있는 전문가로 성장하겠습니다. 책임감을 가지고 맡은 바 업무를 수행하며, 동료들과 함께 목표를 달성하는 과정에서 신뢰를 쌓고 긍정적인 조직 문화를 만들어 나가겠습니다.	Sep-22	2023-03-28	55497742190313136	7	웹디자인(포토샵·일러스트)	20191222	20200101	6869311	2302	1	2023-01-26 8:24	Sep-22	5208322	전산세무 2급	회계/세무	2023-01-26 8:24
Jul-25	2.80516E+12	8.99916E+12	2023-01-26	2023-05-04	63	고용24	1	1	0	0	기간제근로계약	1	일용	93	1	299	251	764	16000	54564	31103	74	30	78	86	28	48	재학	(2/4년제) 대학	1	98	0	1	0	0	1	1	0	0	취업알선	여	1	1	1	915	75	73	61	75	167	66	87	178	11	7	82	61	42	29	CA	54015	시도 일치	0	74	7300	중분류 일치	중분류 일치	88	42	27	0.351	43	46	91	2020-03-01 1:39	2020-11-23 5:50	1	2021-09-19 4:48	0	0	0	314	2022-12-05	2024-06-22	1	OOO님의 이력서입니다.	Y	6	수상경력	1	0		2						성적우수상	OO기관			20241209				주요활동							1	Y	0	OOO님의 자기소개서 입니다.	2	학창생활	팀워크와 문제 해결 능력을 통해 성장한 경험을 가지고 있습니다.	학창 시절, 다양한 활동을 통해 팀워크와 문제 해결 능력을 키웠습니다. 특히, 학급 대표로서 여러 프로젝트를 진행하며 친구들과 협력해 목표를 달성하는 기쁨을 느꼈습니다. 이러한 경험은 저에게 책임감을 심어주었고, 어려운 상황에서도 해결책을 찾는 데 집중할 수 있는 힘을 주었습니다. 또한, 동아리 활동을 통해 서로 다른 의견을 존중하고 조율하는 방법을 배우며 성장할 수 있었습니다. 이 모든 경험은 저의 인성과 능력을 발전시키는 데 큰 도움이 되었고, 앞으로의 도전에서도 이러한 배움을 바탕으로 성과를 이루고자 합니다.	Jul-25	2023-01-26	35487487416386327	3	바리스타 2급 자격과정	20220811	20230117	8966628	5985	1	2020-03-01 1:39	Jul-25	5531896	산업안전기사	안전관리	2020-03-01 1:39
